id,edad,email,genero,estado,IMC
6c7984c9-270d-4dee-b21e-8460ba65a683,75,salsobrook0@amazon.co.uk,Masculino,Florida,26.7
45b54530-317e-4c64-b718-597990ff6fd9,84,haddenbrooke1@parallels.com,Masculino,Illinois,30.6
87ef46d9-e9c8-4ba3-8965-5553b48ad2d9,,ikynge2@cnbc.com,Femenino,Hawaii,26.7
33267565-7115-4bec-9dc1-3e5057412d10,57,jsnoad3@globo.com,Masculino,California,29.2
3cddc250-e992-4a30-8097-f1422761b7be,59,kstringer4@sakura.ne.jp,Femenino,Utah,27.5
08f55fb0-85d1-416c-adc8-70a452e1a415,39,ahagger5@icq.com,Femenino,Texas,29.7
4fbe704c-e876-4236-b42a-24b551a56af6,80,tleversuch6@mozilla.com,Femenino,,22.3
8fec9c7d-4207-4a5f-925e-746231185924,44,shablot7@reference.com,Femenino,Texas,21.3
a48b463e-675d-421c-b0b1-e21505232f10,64,dwiddall8@list-manage.com,Masculino,Virginia,20.3
6bb1103b-fbfc-474c-b2aa-19bbad448f98,50,kbattie9@symantec.com,Masculino,Illinois,23.2
f74e008c-c8e4-4fbe-bef2-7002b438321a,36,ooliveraa@google.ru,Masculino,Nebraska,30.4
d3cd7dfa-204c-4fa2-8fcd-0f4fe83a5b29,48,jredsullb@xing.com,Masculino,Arizona,28.3
98cbe2c3-9fd5-4448-a336-c242bc4d5b0a,56,everoniquec@gov.uk,Femenino,Alabama,26.2
,18,jodcroftd@friendfeed.com,Masculino,California,23.0
7fd97127-cd05-4bde-b5f6-e8b0cae15f4e,27,tcloptone@yolasite.com,Femenino,Nebraska,21.4
d74e8f24-bbc6-4472-a22f-922d82a1d1f8,,fphalpf@businessweek.com,Masculino,Texas,25.1
f00cbe6a-0c4e-4ecf-b3ae-9be92f1d2f66,76,scervantesg@wufoo.com,Femenino,California,21.8
4949cddd-ffab-41bb-b268-22d345a7790d,,rstandellh@simplemachines.org,Masculino,Kansas,30.7
08bddb39-8f63-4242-9a81-5111e9a506d0,36,hgarbutti@slashdot.org,Femenino,Ohio,21.5
fe403fce-8e3c-49db-a7aa-40d0ede1f719,56,cblankmanj@ucla.edu,Femenino,Mississippi,19.2
e14ab678-b650-4e51-a4eb-790ae531a6d4,77,darrundalek@bloomberg.com,Masculino,South Carolina,23.1
558c357b-b9e5-473b-93b5-732a66d7e96b,83,mfewelll@senate.gov,Masculino,New York,23.9
6791e325-8362-456e-923b-a44b33e72db1,62,ftregustm@people.com.cn,Femenino,,22.3
83b44b4d-9be2-4cb2-a628-95226006c5e5,57,vfearen@slashdot.org,Femenino,California,24.5
5485d274-f7a4-4b60-a40f-ab6fbe702e1a,62,jtethero@blogspot.com,Masculino,California,24.6
14f55d49-304d-4ba8-9e33-f63b5ea100fa,63,acardenasp@xrea.com,Masculino,Texas,31.5
a7d33b91-295c-43b4-873b-8bbd7bbf3c2e,27,jcarberryq@zimbio.com,Femenino,Alabama,18.7
23098b57-e66e-4678-8500-f0f091d03057,82,acorteneyr@china.com.cn,Femenino,North Dakota,22.0
834517a8-c1b8-4189-b6cd-f12567ac5acf,39,gtuckleys@behance.net,Femenino,California,21.5
195cb850-25c3-4cbf-8f1e-9d06f3354126,47,jcoatmant@addthis.com,Femenino,District of Columbia,20.5
77c6d4b1-ad81-431f-984e-1ebcfe291b86,35,rmcguggyu@indiegogo.com,Masculino,West Virginia,27.5
ec5ea3d7-8dbc-4821-a7f5-51350ab08ee4,74,lziemenv@theatlantic.com,Masculino,New Mexico,26.9
3bcaf460-8cbd-4b77-94cd-daf6c91b16b3,37,mstaggew@blogspot.com,Femenino,Maryland,23.1
e8745dd0-3425-4af0-94f3-8f08f4c31b13,,sosgarx@zimbio.com,Femenino,District of Columbia,24.1
defff471-1f1e-4a63-9462-771c7ee4cb68,23,ohutchinsony@ameblo.jp,Femenino,Kentucky,24.9
38404ab7-7920-4839-ac91-a9b2535b19ba,35,saggisz@is.gd,Femenino,Texas,19.9
3f76073c-0316-49d9-89a6-093f546cceb5,33,ecoggell10@ovh.net,Masculino,Iowa,27.2
ddd9a646-76bc-4487-9e8d-c74e4fdb32b9,52,hmariette11@fc2.com,Masculino,Virginia,32.0
fd558bd6-1f18-4692-8e44-036c31060db0,55,dbissiker12@nasa.gov,Masculino,Missouri,18.2
d7239896-a460-4660-87af-4861a59155cb,48,nsneesbie13@senate.gov,Masculino,Nevada,26.0
749e1516-2a44-4aa5-8c46-3457a90a9781,35,lpenswick14@foxnews.com,Femenino,Alabama,30.7
1074af2f-756f-4b59-8f1b-396654b105b6,62,epartington15@weather.com,Masculino,Louisiana,26.9
bd89167e-3af2-41c2-a062-90711559d9c5,79,amingard16@example.com,Masculino,Florida,32.0
9be7d1b6-415f-488e-aa24-3ade34e70d44,25,kroads17@gmpg.org,Masculino,Georgia,18.3
026df5a3-8b6d-4325-95ae-84e0b345f9b7,46,hbeedham18@freewebs.com,Masculino,California,29.1
0e8844cb-cf17-4265-bf7d-c4fc53653ca7,37,mhaughan19@dedecms.com,Masculino,Wisconsin,30.3
6993199b-36c4-4290-8915-0f6a77cc97ea,86,eaaronson1a@privacy.gov.au,Masculino,Indiana,19.4
21e1bb7e-8ac3-4875-b7c9-4c57130ba25d,65,cstitwell1b@google.pl,Masculino,Michigan,23.5
7fd97127-cd05-4bde-b5f6-e8b0cae15f4e,27,tcloptone@yolasite.com,Femenino,Nebraska,21.4
a4b9b423-45ae-421b-9f1b-a54e573df94d,59,krontree1c@qq.com,Masculino,Ohio,19.4
cad20b69-1170-47d1-9199-c5cedef18934,76,hshackelton1d@skype.com,Masculino,Ohio,26.5
542d5e59-2c55-4031-9c22-7fee1f6ead33,77,bstennett1e@csmonitor.com,Femenino,Ohio,24.8
e2a3aa4b-bd06-4829-9227-8c0bc118a490,45,dluciani1f@jugem.jp,Femenino,,25.4
0aa4f655-3eed-40c2-b575-29a1290ac011,18,rgelling1g@about.me,Femenino,Connecticut,28.4
239a0a5d-4387-4bec-9b01-332ecfa7d2ac,83,aohm1h@dmoz.org,Femenino,California,18.7
d71ec237-ce76-4e29-89cd-829d1bba0314,44,dbulcock1i@yelp.com,Femenino,Georgia,20.5
545bcd90-8d38-4e31-a932-33e0417ab23f,69,crealy1j@tmall.com,Femenino,Louisiana,21.0
24537c91-a00c-48f7-b114-b7cab279076f,85,cjoannet1k@bloglovin.com,Masculino,Florida,29.3
e0179d3e-d51b-4cf2-b37b-a218e74dc052,65,ymahy1l@skyrock.com,Masculino,Arizona,19.9
31a44512-5466-4e0c-b7be-500102d4a982,81,lyacobsohn1m@is.gd,Masculino,Pennsylvania,23.8
0ac04786-5510-4401-a2de-52372a71e0ad,37,rjutson1n@state.gov,Masculino,California,28.5
4b60272d-bf36-4738-8ae1-68b18e7377c8,51,cpittock1o@slate.com,Masculino,California,27.8
baf5e13b-1c78-4305-9e6b-2ff47c7632f7,29,cmacdougal1p@squidoo.com,Masculino,West Virginia,27.1
fc7eef73-a82d-4b28-8ac6-f6a773d320f8,74,ohebble1q@purevolume.com,Masculino,Michigan,30.2
8e9442f1-5a13-4faf-bca2-392c43e82fb4,44,wcrocumbe1r@accuweather.com,Femenino,Illinois,25.3
e3289ac1-9930-487e-b735-8037f91b207e,59,ecleator1s@nps.gov,Femenino,District of Columbia,19.9
9c369ad2-66bc-4191-81f3-913e2c1a1817,67,dkellog1t@springer.com,Femenino,California,22.5
0031db58-9906-4bda-83ec-8ccb60b36701,63,mboodell1u@boston.com,Masculino,Texas,20.6
73e06ff1-7e44-4d30-b22a-4889ffb62ad9,33,skenington1v@google.fr,Masculino,Texas,21.6
5bff81a2-01d7-4e61-846b-2093504838f2,44,bglader1w@paypal.com,Femenino,Ohio,24.5
aef95076-9349-43cc-af32-1ad663684db2,36,dmorston1x@who.int,Femenino,South Carolina,23.9
3f91b113-00b2-46a4-9484-a5bdf97def7d,26,cbowgen1y@bloomberg.com,Masculino,Virginia,19.2
da0b1fd6-ca31-4051-9176-87da2a1c2c3e,28,ghollingsby1z@soup.io,Femenino,Louisiana,21.8
0bdb5ffe-c193-4a9b-af0f-1d967f53c0ba,39,jbullon20@vkontakte.ru,Femenino,New York,21.4
167ec7eb-c040-4bf5-abb4-de704345e49c,41,dgonthard21@about.me,Masculino,Georgia,31.6
fc85e283-466c-4e26-b747-ab46d7329478,81,dkitcat22@imdb.com,Masculino,Kansas,19.9
f4eee725-b3c2-48c0-9663-8df9dad58ce3,76,rjeandot23@drupal.org,Masculino,Texas,22.6
77c3744a-27d0-4b1c-a1a5-88a581839e4c,43,atourry24@ucsd.edu,Femenino,,23.8
5f4cfa23-3020-4d8c-bf5d-8243b63b2aec,35,nmckim25@abc.net.au,Femenino,Florida,20.7
166f933f-fa9a-4b23-8f9a-055723b23928,81,mraoult26@gizmodo.com,Masculino,Iowa,23.7
004b31b6-0ac8-4b3b-ae8b-72260fde3ac1,50,rtomlett27@yandex.ru,Masculino,Nebraska,25.8
86ea2336-3043-41ef-9395-b6086c4eea88,60,clamball28@pinterest.com,Femenino,Louisiana,30.0
f2d281ac-92d7-4b5c-bffe-4eb2eb4388d3,26,brosetti29@abc.net.au,Femenino,Pennsylvania,18.8
0338acd4-2297-4435-9233-d50ff16d899c,71,hfaircliffe2a@tuttocitta.it,Femenino,Texas,25.1
720b596d-adde-433e-90df-d7207f4b0b81,21,arodolfi2b@archive.org,Masculino,Texas,29.9
81b9ddd4-816c-4ac9-a21c-ee27b4532f23,70,rlangshaw2c@xinhuanet.com,Masculino,Washington,19.9
dc95dcfe-3830-4e32-bb36-c72189203cde,24,dwaddicor2d@oaic.gov.au,Masculino,California,
6214a347-c341-4605-8d3b-5461673ac60f,68,mdrews2e@sitemeter.com,Masculino,Tennessee,24.2
50a6f9be-2844-4f4e-a945-33a5f7cd58ee,53,idealy2f@opensource.org,Femenino,Texas,23.4
ac369928-5ecb-4aa1-9176-07f49f9e7bb0,,lcamilleri2g@hp.com,Masculino,,19.2
e59551f0-220c-432f-824c-45e4d3db082f,48,osommerlie2h@gizmodo.com,Femenino,Texas,22.6
a90c42df-0c4f-47a5-a0c7-571ed535e4c4,83,sdelooze2i@webmd.com,Femenino,Texas,19.7
71c76631-44b9-4491-bfbc-f4907e00bafe,86,jwillison2j@phoca.cz,Femenino,Kentucky,27.4
3f5f4cf0-f657-4f64-a28a-94a540e9a4d9,30,etotaro2k@smugmug.com,Femenino,Florida,27.5
2551a76a-514a-45dc-b710-615c97fddaf9,29,wrubinfajn2l@multiply.com,Femenino,Kentucky,30.4
2f66ac74-ef16-4cda-8140-2ef1bed50e33,81,mskirving2m@hostgator.com,Masculino,Michigan,25.8
0912edc5-3ab5-45dd-8a89-178fce0c0707,73,agoom2n@shareasale.com,Masculino,New York,31.4
e3289ac1-9930-487e-b735-8037f91b207e,59,ecleator1s@nps.gov,Femenino,District of Columbia,19.9
e29df9ff-6fd2-41eb-b45a-a743371a2e34,26,azavittieri2o@reuters.com,Femenino,Wisconsin,
b1a421b8-eadf-47ba-8934-7c93c9aa39a2,76,cpennino2p@sbwire.com,Femenino,Colorado,27.2
3cdf8109-ce5f-4a5e-a0d6-71c539e03be4,46,mbroadbent2q@free.fr,Masculino,Utah,20.7
,40,bbitcheno2r@geocities.jp,Masculino,Florida,27.8
4d1a52f9-82c5-4a0d-98b5-ec4282258634,56,bbold2s@cornell.edu,Masculino,Texas,31.7
c6f37ad6-d961-4593-9be2-8b947cd6a3cf,18,fbierton2t@fda.gov,Masculino,Arizona,29.7
6a9be8a9-86df-4786-939c-f43f7cdfc692,71,gdarkins2u@github.io,Masculino,California,32.0
681365af-ac97-467a-a722-51de911f7c8a,55,tquernel2v@technorati.com,Masculino,,20.9
5b98b500-a0cb-414d-a8c6-103294b231b9,55,bmerrigans2w@arstechnica.com,Femenino,District of Columbia,29.9
2a23c6f6-6e67-4819-ac53-83ba083394fc,84,acerro2x@google.com,Femenino,California,29.3
c63dce13-90f9-45ea-b6b9-31bfd759cb22,80,dskoof2y@google.ru,Femenino,,29.8
d6f43746-5c63-4cda-85df-e751cd07f1d8,80,mmccrachen2z@webmd.com,Masculino,California,19.0
8ffa8c14-7afe-4963-a934-a9bcc9170a7b,35,bfitchett30@irs.gov,Femenino,Virginia,26.7
032e9105-2c8b-4cfb-885d-9e994f36ff38,70,karmell31@yale.edu,Femenino,Kentucky,20.6
683e4395-5b58-43a0-9042-2d03a51bc72d,69,mzorzin32@narod.ru,Femenino,Georgia,27.5
66f3b400-1bb6-42e5-a1cc-a38c9c948fbd,70,cfeatherstonhaugh33@themeforest.net,Masculino,Texas,24.3
7c2a1963-c09b-42e0-a261-f2ba48a0ccf1,87,mrain34@japanpost.jp,Masculino,Kentucky,19.4
2accff11-b3bf-4d8b-ad41-6419050ea4e4,63,tdewinton35@drupal.org,Masculino,,19.6
e9b3c75b-409b-42be-8753-e9f8b54c6b1c,34,hhassey36@go.com,Masculino,Texas,20.4
04493303-01da-426e-b97d-4d120e765e2d,84,fmacadam37@cpanel.net,Femenino,Utah,21.6
f4d2af15-fbcb-458d-899e-e34532443a59,25,emurray38@tmall.com,Masculino,Tennessee,24.2
6cd2e966-ad3f-44eb-81bb-e3341cba2482,,mohanlon39@hostgator.com,Masculino,California,20.2
a8a611ac-05d5-4d2f-8f1b-f8cba306feec,,bschroter3a@arizona.edu,Masculino,Texas,29.4
7895a213-dd72-49d5-8fbe-5bc51a4be0dd,,gbrickdale3b@taobao.com,Femenino,Louisiana,20.1
0695263a-d2c8-480a-aa33-40abdd1f7650,58,scarlsen3c@discuz.net,Femenino,,18.2
2a6ae655-bf9d-4670-9439-d2b4fc7358d2,47,lshakelady3d@reddit.com,Masculino,California,23.1
0e46adb0-7bc1-421a-8c6c-4b218c0ee0f6,77,vodoherty3e@linkedin.com,Masculino,New York,18.7
63897a9e-1fd1-4d2b-a145-42457d568e9e,,ggodman3f@oakley.com,Masculino,Illinois,29.5
e44c1b02-d028-4ff4-acc8-eb123418dedd,34,yhellens3g@patch.com,Femenino,Texas,18.2
a6b2a407-2467-4f9c-bc1d-b49e9810ac5e,74,ctaunton3h@hugedomains.com,Femenino,,24.9
87a8c7eb-1a16-4536-9e54-d352b8ff732b,42,jguilfoyle3i@comsenz.com,Femenino,Florida,30.7
b95d1b1e-4d6a-40fc-ba66-fd6a85892dda,,aedinborough3j@state.tx.us,Masculino,Mississippi,25.5
0aec2d3f-5852-47b1-ba99-abe3b54e9ea9,87,tpinn3k@tumblr.com,Femenino,North Dakota,20.1
17054c5e-79e5-490a-b314-e27f81ee26ff,77,aohenery3l@blogspot.com,Femenino,Florida,22.4
d962ccd3-4fcf-436d-8c01-f6fa51da8f11,22,kclayfield3m@csmonitor.com,Masculino,Tennessee,30.4
69c2156a-acf2-4703-b292-9a483db4f2c5,66,bduplantier3n@furl.net,Masculino,New Hampshire,30.4
5faaea1d-d563-4813-9034-61aa9c811d7d,42,kferandez3o@businesswire.com,Femenino,Utah,31.8
8ee1bc64-d259-4c94-afc8-52166383b9f5,73,ahundell3p@utexas.edu,Masculino,California,24.4
c4ba063e-dbf1-43e3-9121-1ae72fd726ca,31,kbrach3q@zimbio.com,Masculino,California,20.3
ae8bc9be-8b1c-42b5-98fa-ff8ec36081f6,50,nsherwell3r@squidoo.com,Masculino,Florida,29.9
8932bfc5-f82b-46ec-8b48-7bf2cf8a3947,68,gcradick3s@godaddy.com,Masculino,Ohio,26.5
8dfca9b5-9673-4b69-8aa6-ba0dc4574f78,21,kmoreinu3t@reference.com,Femenino,California,28.6
23975937-fff6-4234-ac7b-db89139ad2e7,27,jjubert3u@squidoo.com,Masculino,California,28.7
d45b918e-4d81-49fa-b862-3c3f03890c48,43,nlawee3v@elpais.com,Femenino,New York,30.8
67f5cd97-cb86-490a-a3aa-783c941ba236,,apibsworth3w@ycombinator.com,Femenino,Virginia,29.2
85db92c3-270c-4774-93dd-649fc6fa8632,74,gdougherty3x@hatena.ne.jp,Femenino,Ohio,28.1
16e95e45-2d62-4b68-922b-2b4fd407fe27,42,aketteringham3y@feedburner.com,Femenino,,21.2
7e6ad3ee-10e1-40ed-8227-674d862a95b2,41,mellph3z@fastcompany.com,Femenino,Georgia,20.9
a3f69b78-1fef-4771-80a4-e1234bd92da2,23,cmcward40@dot.gov,Masculino,Virginia,31.4
9c6cead0-d118-4fba-bd8b-a5e73c4bae46,20,eambrogi41@biglobe.ne.jp,Femenino,Virginia,21.0
649e60d1-88e4-4136-8f52-853760503cb1,25,sfurby42@ucla.edu,Femenino,Kansas,19.8
430fbecc-6d01-468f-88df-7875e278f9f3,,ethreadkell43@zdnet.com,Masculino,Virginia,21.2
3a4bc0ab-8b5f-4ba4-9eeb-ba014b4e092f,43,egoodread44@lulu.com,Masculino,Arkansas,26.4
a54334c2-fb5e-4602-9657-942ec0697562,47,mstempe45@digg.com,Femenino,California,31.0
ac2903ba-0e6a-4455-be22-295b94405026,84,bstrowther46@blinklist.com,Femenino,Connecticut,25.7
a14b6cd9-4943-4995-b923-7be9bf9d67aa,54,hmaccorkell47@sina.com.cn,Femenino,West Virginia,20.4
1829d62d-5d8a-424c-8b20-ec421b22e067,74,thatherall48@ftc.gov,Masculino,Illinois,19.4
a4b8a181-16ee-4bc4-9aa8-a1f11aca83fa,30,aoffer49@about.com,Masculino,Texas,18.7
bad0f283-bde4-4b8a-b568-ca1576530e4e,59,emonni4a@nbcnews.com,Masculino,Texas,21.6
433a9624-a473-4b55-9e69-c43491ca7e0e,32,rbrunstan4b@freewebs.com,Masculino,Kentucky,27.3
541d9dc4-6b27-4267-b3ea-aa231de73c3b,51,azelley4c@europa.eu,Femenino,Kentucky,27.5
2902d6e9-72f5-4b30-a6a3-f9d6a46198b2,61,nkynforth4d@elpais.com,Femenino,North Carolina,23.0
46fba082-1207-44d1-bd41-cb2a9e729db7,45,jcisco4e@pen.io,Femenino,Ohio,24.7
a6336d75-f865-4d01-b444-9fb4faea12d2,86,knagle4f@sogou.com,Femenino,Ohio,29.7
de4547d2-f079-43a9-90dc-9754e080fe43,45,tsimukov4g@exblog.jp,Femenino,Colorado,23.0
db75b027-c027-4568-bfa7-4325f5eb9b85,48,dbartoszewicz4h@google.de,Femenino,Indiana,18.6
656b624b-64b9-45e3-9198-bebc651b735c,57,vgomme4i@homestead.com,Masculino,Louisiana,23.8
57529974-be59-4e42-99b9-5cfe8dc282ec,73,gmccoole4j@webnode.com,Masculino,California,26.7
410444a8-33aa-4af2-8138-f8e44d24ae1b,53,thyams4k@hatena.ne.jp,Masculino,Montana,28.5
61761d05-585f-4bc6-be2a-b3cfa67615a3,75,gstud4l@google.co.uk,Femenino,Florida,30.9
ec9e7d7a-8cdf-492f-913c-352c0f488726,24,lblockey4m@mapy.cz,Masculino,Florida,19.9
c8798eb9-5795-4eb1-8c8b-68997fd8494d,36,jgoddman4n@eventbrite.com,Masculino,Florida,30.3
fc7a5572-6127-4116-acbc-688488626747,35,tfearnley4o@nba.com,Masculino,,23.5
ecf532bd-2d8f-44f9-a95d-c6e9096b92ae,57,astidworthy4p@europa.eu,Femenino,Connecticut,27.2
3a602d2f-001f-4001-a93a-2983e25229d5,41,hstannus4q@wikispaces.com,Masculino,Maryland,27.3
cd7b250e-abd2-4b78-943e-10bf867252c7,71,tschohier4r@fotki.com,Masculino,California,26.8
5ac34cf5-62d6-4c0f-a97f-ece875cd3fa6,62,ljasiak4s@fda.gov,Femenino,Wisconsin,26.6
b3b064ad-819f-4e4b-b9ef-42d985e21f7f,87,ealenikov4t@edublogs.org,Masculino,,22.7
6189671f-c50e-4a7e-9c61-5a4d1477b40c,74,hmorlon4u@4shared.com,Femenino,Georgia,19.9
ac1bc7e8-9d3b-40d2-bd65-fa955b8da5d7,67,dsarjent4v@nytimes.com,Femenino,Virginia,21.2
fd9e02d6-7576-409f-b1c6-139373c7abbd,,hcopp4w@bbc.co.uk,Femenino,California,26.4
,79,jtroman4x@squarespace.com,Femenino,Nebraska,24.9
5f57d44d-d59a-4635-86b4-f503fe29e45a,76,pfancott4y@merriam-webster.com,Femenino,Hawaii,28.3
000801dd-4cc5-446d-9e76-8f026a02e209,76,bpatridge4z@marriott.com,Masculino,Florida,29.5
969fcb02-aa4b-48f3-bbd3-e6512c936f7f,51,agentreau50@howstuffworks.com,Femenino,Georgia,18.7
f050b362-fad0-4829-81b9-892669cb1dcf,29,fboxen51@sbwire.com,Masculino,District of Columbia,23.9
b4eb7637-5f77-4e59-bfcc-c7145f1c67e6,84,stytler52@google.es,Femenino,Oklahoma,29.8
0440e937-7913-4410-a3c6-69457b807857,,pfranssen53@sciencedirect.com,Masculino,Kansas,31.8
b89712fa-e405-4497-baf4-5efbfc5fdc5a,47,lwinchurch54@blogspot.com,Masculino,District of Columbia,23.3
c3a0f42b-4327-488b-9aa2-83c6f8604a97,38,cbratley55@etsy.com,Femenino,Washington,27.0
5a1870a2-0e2c-43e9-9eaa-f8b370559c41,,bthemann56@disqus.com,Masculino,California,22.0
faa97a10-c997-46e1-864b-fd71180c1e4b,25,lgreasty57@addthis.com,Femenino,,24.7
98002f78-ad00-4138-8bf4-d7e243ce2c37,84,esilbert58@blogs.com,Masculino,,25.3
69c2156a-acf2-4703-b292-9a483db4f2c5,66,bduplantier3n@furl.net,Masculino,New Hampshire,30.4
a4300b46-b074-40a3-9faa-7b4bf0cfbc82,20,bbondesen59@addtoany.com,Masculino,Maryland,31.0
84e2a708-3789-46f0-a1bd-21f7dd471a7e,74,cspeare5a@gmpg.org,Femenino,California,24.3
53ff9c02-6af4-4eca-8a6a-a57f7853faf4,25,mfoulks5b@upenn.edu,Femenino,Florida,27.3
4c82ec76-bbe5-4d16-82eb-99bed20fb778,,mruoff5c@liveinternet.ru,Masculino,District of Columbia,31.4
b920aad7-1816-40be-b985-4eccd1b65179,37,mkalinke5d@japanpost.jp,Femenino,South Carolina,31.2
b12971c4-b018-424a-a804-7425b396b52e,61,glebretondelavieuville5e@hp.com,Femenino,Nevada,22.6
,23,kbaudry5f@google.com.br,Femenino,New York,21.3
9cb3b6b0-ffd3-459a-8da6-517603e77fea,49,jrizzone5g@discuz.net,Femenino,South Carolina,20.2
5c771ec8-b9cc-4cab-97b1-3b41fa9b0a3f,65,esummons5h@netscape.com,Femenino,Washington,31.9
51ee33e1-172d-4b3f-aff5-ccab4ba9825b,74,emunt5i@icq.com,Masculino,Connecticut,28.5
212a9d60-791f-4f8d-a077-61e37e94ad56,40,adefilippis5j@kickstarter.com,Masculino,North Carolina,24.0
a2b1fac0-ac6f-4538-83dc-a935d5b81252,20,abaike5k@sciencedaily.com,Femenino,Virginia,23.4
da08e43d-24d2-42ae-806b-fe88ec0baca6,63,lpiet5l@dedecms.com,Femenino,New Mexico,31.7
5670b1ba-f2cc-4abc-9ed4-4f503336db45,23,aosipov5m@discovery.com,Femenino,Louisiana,25.7
cc805a1c-c1e6-43dd-bc9f-e9fd709273e9,81,lblockey5n@rambler.ru,Masculino,Alaska,31.4
e49aa127-1984-4836-95be-cf2bb054fa9e,26,shuggard5o@people.com.cn,Femenino,Alabama,18.7
c7c20cb7-e5c5-43f2-a0e8-50f7c9a6d0b2,76,ldoxey5p@economist.com,Masculino,Colorado,26.3
3c3d3212-c44b-4196-93cf-f384e2522012,77,hfryatt5q@foxnews.com,Masculino,Louisiana,23.0
eab62a16-09ba-471d-8b85-536770a7fe47,41,qmccann5r@virginia.edu,Femenino,Texas,30.7
66e88e32-b947-4f6d-ac74-a2fcdc0917cd,50,ifritzer5s@google.es,Femenino,New York,21.2
8c073412-456d-4f6e-aa3d-79f289b9268b,86,kforster5t@seattletimes.com,Femenino,Virginia,27.2
56915a2c-6177-406c-a1ab-aad1656cc342,32,cmapstone5u@hugedomains.com,Masculino,Illinois,29.0
48a10e2e-973c-4815-abcc-bcb820e5ebc4,71,dneale5v@google.fr,Femenino,California,26.3
17421e45-5c13-4564-9164-63fc1ed454bb,22,asutor5w@howstuffworks.com,Masculino,Texas,20.3
33c08f79-34b8-43eb-b05d-86d4398cfa57,73,wpolson5x@youku.com,Femenino,Florida,21.4
760f14bc-e84e-418a-9010-08539944118d,18,mregenhardt5y@elpais.com,Masculino,Connecticut,24.2
d880385f-5f9d-42f4-b314-0272f23dbfc9,29,dfery5z@wikispaces.com,Masculino,Georgia,27.9
c259c26e-158d-43d1-8df4-2ccf7877853b,47,bmccluney60@hp.com,Masculino,Hawaii,23.0
856181a8-2093-42c5-85a9-c62b1ff77f6b,39,caxe61@netscape.com,Femenino,Kansas,20.2
19398a3d-dd19-4531-bfcc-750951c0f325,28,rtschirasche62@dailymotion.com,Masculino,Pennsylvania,19.2
03be1d90-046d-4686-b4ab-c6ca98cc086d,,cberndtsson63@yandex.ru,Masculino,Virginia,22.4
f768a084-98bc-494a-bf0e-aa4bce9f622e,41,agaffon64@loc.gov,Masculino,,
373a8918-6f4d-4c57-b3e3-f010e2c407e7,60,abasford65@berkeley.edu,Femenino,New York,18.7
824019ec-7d79-4c95-bbb8-0b56be2048bb,79,bioselev66@samsung.com,Femenino,Arizona,27.7
0be5520e-b2c1-4cb8-8a47-6781d1874f94,41,sgenese67@rambler.ru,Femenino,North Carolina,20.8
fd2dce05-1444-48f4-a92c-4240438b38bf,33,sgillions68@ftc.gov,Masculino,Ohio,24.2
19a9f719-7ca2-4932-b32f-0df429698f9f,65,dgreystoke69@51.la,Femenino,Michigan,28.4
a5653675-66d4-4059-978a-23d0a8289fe5,67,smclagan6a@yellowpages.com,Masculino,New Jersey,19.2
fbf783be-7428-4892-94ad-b3500901be59,38,lsoloway6b@e-recht24.de,Femenino,Minnesota,23.9
1f484e21-5d8b-4858-8ebf-76666132ec84,27,ljaan6c@dot.gov,Masculino,Kentucky,26.6
6597d149-c78d-4172-b843-03f501172147,68,ssparshett6d@joomla.org,Femenino,California,18.8
6c2daf79-1ec3-4b99-95a4-5bf32056768d,83,csymons6e@imdb.com,Masculino,New York,25.4
57a8241a-bcc8-4b0f-9eda-570f5d27f69e,,fhacking6f@imageshack.us,Femenino,North Carolina,27.1
5d4ba3df-2cfa-4729-b32c-bbfbfd1d4bf2,75,fdelatremoille6g@omniture.com,Masculino,Florida,21.0
9bc1b85f-fd68-4d9e-ba2e-d39de74964cc,65,abrunel6h@mozilla.org,Masculino,California,31.6
8f0f5a72-cdd5-44b8-aa2e-c847696ea168,84,rsheldon6i@admin.ch,Masculino,California,29.9
8c281b74-40a8-49f1-a25b-3f9f6413a2f5,54,nmichie6j@pagesperso-orange.fr,Femenino,Oregon,
87847968-1438-445d-9807-34d954577acd,57,ebwy6k@t.co,Masculino,,19.0
75e3797a-fd2d-40e2-8720-af098f03e231,21,cmaccaughey6l@adobe.com,Masculino,California,30.2
e3478f07-66eb-47df-a3d7-82f9d8a139e9,77,golunny6m@google.com.br,Masculino,Hawaii,22.7
a6ff9485-c25d-418c-9f6d-2fd904c87a9b,55,ekingstne6n@pcworld.com,Femenino,Minnesota,24.0
87b0b70c-4404-4a05-a887-1dc3ae707177,45,dsantostefano6o@clickbank.net,Masculino,Minnesota,24.7
cf6219a1-c777-4365-92d5-28ea1d43c045,76,cjaslem6p@github.com,Masculino,Maryland,29.9
4a6bbe7f-bb7c-4f59-b09d-1aa315e20139,55,bomonahan6q@newsvine.com,Femenino,Missouri,27.9
20ffc032-c79a-4cc1-a245-83e5a91bcee6,65,pmandeville6r@dailymotion.com,Femenino,District of Columbia,29.4
4c25a606-93cd-4603-886c-3393028f7b46,85,sluby6s@smh.com.au,Masculino,Connecticut,25.1
8d60d2d1-3491-41c4-8a3c-7f109a83ece4,24,mboise6t@vkontakte.ru,Masculino,,22.9
ece12e39-f41e-4902-b3e2-a0e589ef618d,58,laleksich6u@nature.com,Femenino,Alabama,
2ce8c48c-84ca-4cf5-835a-fdfc4c7ee1e9,19,mmassei6v@mayoclinic.com,Femenino,Texas,23.3
7e1d6f7e-5706-42dc-9c11-95b9d20bdbff,84,ematches6w@google.com,Masculino,Illinois,19.3
cc5f877e-356c-4d43-bfd7-02b215426d0c,85,vborrett6x@yandex.ru,Masculino,Florida,27.0
9a3578bd-d1d4-4c06-bc0e-0fdd25c93e32,,cdemeza6y@goo.ne.jp,Femenino,Colorado,29.9
c6f01509-d380-4d86-bd7d-2d253b55cb8e,19,tocuddie6z@icq.com,Femenino,Ohio,24.3
e72f22cd-6f26-495b-a7e1-a1055254a583,75,landrejevic70@xing.com,Masculino,California,28.0
88e0f83b-30ba-4a79-9559-605e1fb62b98,48,ebaldock71@mozilla.org,Femenino,Maryland,27.0
08a13aee-de55-4513-a2e2-6cdf90eb4911,25,mvarfolomeev72@homestead.com,Masculino,Texas,27.2
88da8a9b-cffd-4ae6-9e9a-f55117601df5,66,dmacgow73@imgur.com,Masculino,Utah,20.0
5a5a1174-95a5-412d-b40c-88eb994d6c06,67,ibertomeu74@wikia.com,Femenino,Pennsylvania,30.0
b5983b7f-418c-46f0-bfd2-aebead267fb0,38,agreatbanks75@amazon.de,Masculino,,20.1
3111b8b4-f586-44f7-95e1-c7b88adadff9,,mpinkerton76@rediff.com,Masculino,Texas,23.9
f50eca55-e61a-4a97-ae9e-f5d9b6f618d2,43,adeplacido77@github.com,Masculino,Tennessee,26.5
53206be4-a06b-48c2-aefa-1fbb181469d9,86,jolijve78@deliciousdays.com,Masculino,Nevada,22.3
8c27446f-dbad-4e33-83f1-67c3aeb3db2a,67,hkalinke79@abc.net.au,Femenino,Oklahoma,27.2
121b9829-8cf7-4b0e-8f22-c8df21299184,61,kyerrington7a@weibo.com,Femenino,Tennessee,26.7
2cfcc8b0-271c-48d1-ab56-bafbbc4fc404,58,fgaber7b@cloudflare.com,Femenino,New York,27.5
4d483616-2891-47e4-9666-e8980bd4937f,45,gskelhorn7c@liveinternet.ru,Masculino,Louisiana,29.2
ba55e495-68f6-40f5-a30b-1cae900533aa,,tseedull7d@blogtalkradio.com,Femenino,Georgia,29.9
1891dad0-1921-4085-ad48-7f40068f37b9,75,edurnin7e@ed.gov,Masculino,District of Columbia,24.3
ee708ae0-38e3-4c2c-93d8-fab79dc126fd,87,jwigginton7f@nydailynews.com,Femenino,,30.2
67d6c6c9-7ef1-410b-9bc5-ebb466f89b48,46,gbrosnan7g@theatlantic.com,Femenino,Virginia,30.1
e012f605-a813-4cb2-947b-280b2d35a2c0,68,bberanek7h@macromedia.com,Masculino,Texas,29.1
762088ee-6e61-4a97-8902-9b6776bfe8fc,70,ccummins7i@google.co.jp,Femenino,Florida,19.9
fb736949-2c50-4c72-a3c5-ce4d76fdabcd,70,wdrake7j@macromedia.com,Masculino,,19.5
ef7403fa-ea54-4913-8277-ce22204c665d,50,esirey7k@chicagotribune.com,Masculino,,28.4
72cd652e-0dd3-417e-8a0a-c3ae3699d435,59,dellick7l@tamu.edu,Femenino,Georgia,28.5
5fac67eb-02eb-441f-9377-63dfbd7c821e,34,jmassimi7m@marriott.com,Femenino,,23.8
9a8fdff8-6cbf-4afa-bfca-1ba3de75191c,19,viggulden7n@cloudflare.com,Femenino,California,28.3
437fb837-cd3c-4238-9894-a90601094ca2,45,dwabe7o@arstechnica.com,Masculino,Texas,28.7
31eb9f48-8d60-4abc-bb59-cf7228752b2d,51,kboncoeur7p@comcast.net,Femenino,Oregon,29.1
2617747e-bf2b-42ff-b67a-0b2f51061920,52,afreschini7q@stanford.edu,Femenino,California,20.1
de9ca70b-c784-4bd5-9471-d3167672a1e0,20,rancell7r@mozilla.com,Femenino,Ohio,21.8
09086c4b-0305-438d-8db1-7bd485a4aee2,50,efullom7s@seattletimes.com,Masculino,Washington,29.7
32de7f76-1bef-4f62-aa5d-9db103608c52,79,morrah7t@joomla.org,Femenino,Texas,24.0
4c1f31ff-7d3f-441d-8cdc-dfd0f4652ef1,53,schapman7u@nymag.com,Masculino,Ohio,18.0
f4d1c1c0-9ed6-46ec-8e12-c4eee027a4b5,32,edronsfield7v@illinois.edu,Masculino,Connecticut,18.9
d1e217e1-cd05-4eed-b2a3-84c6441c8dad,77,jhassan7w@newsvine.com,Masculino,Missouri,32.0
179f512d-8940-491e-84f1-18bb94dc53d1,50,mtrendle7x@jigsy.com,Masculino,Alabama,19.6
284fa9c0-0650-4d63-9347-2dcf5be70449,72,sscarsbrooke7y@dion.ne.jp,Femenino,Massachusetts,18.0
4378d7bd-8d56-448f-ac7d-5b1e0ed0e09a,57,pnaisbitt7z@miitbeian.gov.cn,Femenino,South Carolina,23.1
f708e621-1e39-4aba-ad21-60fe38ace340,53,jlobbe80@icq.com,Femenino,Missouri,24.3
4ab9275e-e721-41af-abf7-749554ed06b3,22,scudmore81@wunderground.com,Femenino,California,31.8
d451a134-c3d1-4f81-bb2f-07515db80cb2,75,jjesse82@accuweather.com,Femenino,Florida,21.3
626cb8e8-c728-46ce-95ab-70c046629290,29,btatlow83@icq.com,Masculino,Oklahoma,31.4
24d2025b-ccd0-4bce-a962-9044a4964664,57,fschoenfisch84@163.com,Femenino,Florida,28.3
,23,tsharpus85@technorati.com,Femenino,,30.9
bb877173-0b94-419a-af99-641eb5d5a30a,66,agonet86@wsj.com,Masculino,,22.1
4bea6d69-ed1c-4fe8-ad7f-4b88e2286819,55,mburnall87@mayoclinic.com,Masculino,,21.8
fac2f377-d489-4ac0-afad-038e8b376040,56,abrogden88@sciencedaily.com,Masculino,Illinois,31.9
a5bf6f9a-d73b-42ab-bd62-f67333f1975d,41,wwillacot89@hibu.com,Femenino,Florida,21.8
3bfb6075-22e0-4ee7-88f7-761ee0ecb543,,bholson8a@deliciousdays.com,Masculino,Arizona,19.6
9e60b026-b90b-4ee7-8eab-9d9bf393c322,64,belcum8b@deviantart.com,Femenino,Texas,30.9
0b462b06-b77a-4f1d-a977-50acffc45bff,43,hwindham8c@cargocollective.com,Masculino,Texas,27.2
0b5d9da2-de25-426e-8d32-f6425a492381,36,csnugg8d@hexun.com,Masculino,,20.3
0b14d923-f38a-4cc5-a9c8-d853e4228d68,59,fshrimplin8e@naver.com,Femenino,Arizona,30.2
78f5e6cd-5bf8-40b5-9045-05579c27df66,23,sdibernardo8f@mysql.com,Masculino,North Carolina,20.2
9884e253-f503-4e23-bf77-237531373b1d,61,mlorent8g@columbia.edu,Masculino,Texas,30.3
44c1c287-3114-4737-9eff-9223b1cd3277,19,codoireidh8h@bloglines.com,Femenino,Louisiana,
3acba7a3-0d91-4517-84ca-66409af6b39d,56,wishchenko8i@vkontakte.ru,Femenino,Virginia,21.0
19dc3f0b-9a14-4de5-8d26-5bad0df50161,80,pgockelen8j@deliciousdays.com,Femenino,Oklahoma,18.0
65921648-9e73-4403-8dab-53b2790945f4,,rchesson8k@apple.com,Masculino,Texas,30.6
a23c427f-75bc-4491-bd5e-b4efb022d468,67,cshivlin8l@hao123.com,Femenino,Connecticut,23.8
06691b1b-8e18-4b6a-9767-93d8eaff786e,69,sdreus8m@reddit.com,Femenino,California,18.8
bfa8fe66-91c9-4fc7-b648-8eab0bd03282,46,apickerin8n@bloglines.com,Masculino,Florida,
b9e3a7bd-e7bf-4c04-84b7-b741fb75a20c,24,jsrawley8o@examiner.com,Masculino,New Mexico,18.6
de9ca70b-c784-4bd5-9471-d3167672a1e0,20,rancell7r@mozilla.com,Femenino,Ohio,21.8
9614f112-0a22-41ae-9473-7dccdd735679,24,tfinney8p@eventbrite.com,Masculino,,23.2
e5db5ce5-e6a1-4dea-9337-422f5d60f20d,58,tpurrington8q@php.net,Femenino,Georgia,29.7
94cf4a82-d8d1-4075-914c-f7fe146ed6fd,67,mcongreave8r@prnewswire.com,Femenino,Washington,28.7
62bd1105-d47f-4ca3-89ca-e5891f43a97a,,xesby8s@ycombinator.com,Masculino,Delaware,24.9
26206655-3ac7-4a43-83aa-b214d9b86145,73,lpetrenko8t@oaic.gov.au,Femenino,Indiana,20.0
04c2dc3d-6ac3-404e-9acc-71d07ade13a3,,mgoor8u@yolasite.com,Masculino,Minnesota,22.0
951395b8-31f0-4a8e-ab4d-eaf8b3e7d89c,24,dstoney8v@squidoo.com,Femenino,Massachusetts,23.6
a06140d9-60ef-403e-82c4-b038682d9d34,84,cdodgson8w@google.ca,Masculino,Ohio,21.4
3c514bc7-7855-4a88-aa03-8c74f2a60059,,tpetrozzi8x@free.fr,Masculino,New York,27.3
c71d31b4-c40f-4a8f-bc38-51394070b41f,64,ftinklin8y@devhub.com,Femenino,Tennessee,20.5
5656e1ad-1cdd-4639-ac74-3ac91beb9a3c,18,bdonaher8z@census.gov,Femenino,Texas,18.8
a30f322f-ce2c-4b89-b5fe-067108dc2fd2,69,rtisun90@springer.com,Masculino,Delaware,27.5
f559f0d5-68b7-4f62-89ef-7973181c3d29,85,adevoy91@soup.io,Masculino,Tennessee,24.3
2db3cef1-0b63-4ba4-9f5a-03d6c825ca3e,45,bmerner92@arizona.edu,Masculino,California,24.8
618b66c8-8cdf-4f25-9f04-0f185d3c5ffa,77,kokeefe93@state.tx.us,Masculino,Indiana,23.4
63aba7ba-45a3-4f28-8733-45e26c2739f9,66,bcelli94@stanford.edu,Femenino,District of Columbia,23.0
06858f15-a4ae-448c-9bb8-203c87b8718f,24,ggoodricke95@parallels.com,Masculino,Washington,21.3
41f4be37-7dd4-47f8-86a3-202df288b8cf,73,dmyderscough96@drupal.org,Femenino,California,31.3
87033f48-8ea4-4260-b0c1-b573c4fbcdc3,57,jheadings97@cnn.com,Masculino,Florida,27.9
4cd4c95e-e324-4ecd-a24c-5d79418b53c4,77,ganslow98@omniture.com,Femenino,Alaska,23.7
c5673265-fb75-4621-9f95-030b541356b1,23,ckemish99@networkadvertising.org,Femenino,Florida,22.8
b7cf936f-0873-471e-9545-03c690af8362,,dhrihorovich9a@gizmodo.com,Masculino,Washington,26.1
4a47765e-5740-491e-8439-0e6d5f6771c9,53,bglavin9b@blogs.com,Femenino,District of Columbia,20.3
cc7a7eeb-d175-4874-bf47-eb8e3f0b0b03,54,mfanstone9c@flickr.com,Femenino,Connecticut,18.6
fb717ab1-4e81-452b-8766-eea35fcb23d0,79,rlilloe9d@bandcamp.com,Femenino,,31.4
c4ce9f7e-a642-4997-8949-76cf3254b97e,61,ghowles9e@theglobeandmail.com,Femenino,Kentucky,21.2
eddd71a6-5dad-4a31-ad3c-8623ae5a38d0,36,obonner9f@cisco.com,Masculino,Texas,32.0
9f01bb9e-b616-432b-8828-a79f895111ab,26,lstoffels9g@163.com,Masculino,Texas,19.2
aa20c1b6-3c72-4b55-99f9-a9b65fdc2ff3,81,ovaillant9h@comcast.net,Femenino,Arizona,29.4
2fc8de2a-a44d-4c74-a5dd-bf450736e427,57,agrishanin9i@plala.or.jp,Masculino,Washington,20.2
7eb51331-2bcb-4e48-bcdd-4b0f5ef91846,45,gsiaspinski9j@vistaprint.com,Femenino,Pennsylvania,28.5
33c000a5-0c50-4aa1-ac73-70c93db13baa,62,nruddiforth9k@foxnews.com,Masculino,Texas,19.5
7fea034c-a027-4ca1-a295-74817073b4e9,37,dblanpein9l@wunderground.com,Masculino,California,30.9
2253e8dd-c642-4552-8bbb-99fc952fd3ac,54,tmurrey9m@harvard.edu,Femenino,District of Columbia,27.2
8e567c3c-112b-41a3-a192-374bedfee29a,87,mwainscoat9n@google.ru,Masculino,Arkansas,20.5
e6888c45-b2f6-4882-bb4f-2d6554c73f1d,49,tarunowicz9o@bloglovin.com,Femenino,Massachusetts,28.8
01903f7d-3b25-4ac0-8987-ac4e2c2a7287,58,aottewell9p@xing.com,Femenino,Louisiana,26.0
d2b5eaf0-80c5-46e0-a98e-6bb928a36ff6,22,mmatterface9q@macromedia.com,Femenino,Virginia,23.4
f75ed95d-2532-47b0-b4f9-20fbeb33249e,55,fstreak9r@people.com.cn,Femenino,Kentucky,24.5
66a51460-029c-4e5e-9a99-f703c9ddb614,60,ygeistmann9s@blogger.com,Femenino,Texas,20.3
e4c7a482-f49d-4cd2-ace5-0f277be43303,77,malldridge9t@theguardian.com,Masculino,New York,
c9ec5bf5-a967-4b7a-8aad-84a8e533e923,,gbennellick9u@geocities.jp,Masculino,Georgia,31.7
19717370-c88e-480b-a6e5-89b38e6e7b04,53,dgladtbach9v@zimbio.com,Femenino,Indiana,26.5
ff6efa89-791d-4089-a9e0-ae2924b9ace3,24,tofihillie9w@phoca.cz,Masculino,Virginia,27.8
9945659e-1791-447d-b6c8-da987b433755,28,jniblo9x@addthis.com,Femenino,Georgia,30.2
12b22cc4-a133-4191-8ddb-d7fb39beffac,52,idowley9y@examiner.com,Masculino,Florida,28.0
fc556d8e-bd69-499e-87f6-2b69c902c1fe,68,dolorenshaw9z@behance.net,Femenino,North Carolina,27.2
2fefc3b0-0222-4d3e-973d-faa7efb89511,41,dmichaela0@opera.com,Masculino,New York,27.1
a9c6aa72-02d6-489d-990c-ff96afa5580e,41,mmccaugheya1@ehow.com,Femenino,New York,27.8
2b32b52f-d20a-4e32-992b-9b211f990a46,82,slouda2@walmart.com,Femenino,North Carolina,26.6
a6556000-6bce-46ae-b083-9acf7adf0802,32,gmccombea3@dropbox.com,Masculino,Arizona,20.9
,32,ccossingtona4@arizona.edu,Femenino,Connecticut,24.8
e305afa1-723d-4d10-bcf9-8f3639ac77f5,,eknibleya5@jalbum.net,Femenino,North Dakota,23.8
90b56d3b-1301-4668-9112-9369b66fdcdc,32,mtomasuttia6@ucoz.ru,Femenino,Florida,20.4
ee31604b-feef-4fd6-ad47-a445d210ec7b,37,mskpseya7@etsy.com,Masculino,Colorado,21.7
a60cdb63-2dea-47c5-aec9-e50ebd36e495,69,estarsmorea8@webeden.co.uk,Masculino,North Carolina,30.0
95ad9423-6a64-47fa-a4de-6407be7bcab8,38,aisaaka9@jiathis.com,Femenino,California,31.7
26092fe1-c0c7-4bc1-98ec-baa6487483b4,33,aewanaa@cnn.com,Masculino,Alabama,22.7
49cbfe48-0e15-4168-9919-ecac3734b0ee,40,bgittoseab@youtu.be,Femenino,Texas,22.9
dc7f7e38-e22b-4c3e-bbf3-7e31aff22eeb,,swoodruffac@devhub.com,Femenino,,25.8
f7f2c618-8cf9-48df-8dd5-31d3c1b030bf,36,sclabburnad@over-blog.com,Femenino,Missouri,19.8
6d649b6b-6d21-4830-ac31-4c3de026869b,67,jsMasculinoae@bandcamp.com,Femenino,Missouri,21.3
6de514d8-d064-4d98-879e-3bdce92aa7fd,58,gmattockaf@howstuffworks.com,Femenino,Texas,23.5
3928c884-7802-4b88-ac74-0fa003426c7a,38,wbrooksbankag@apache.org,Femenino,Nevada,24.4
03bbf780-ac01-4755-82db-aa402fc4f190,65,jfleckneyah@jiathis.com,Masculino,Texas,25.4
d698b79c-f0ed-44a2-918f-eca5926bcbd6,84,sgonsalvezai@theglobeandmail.com,Femenino,New York,21.3
5fdb5fbb-0740-404a-8864-1af54fc21aee,58,gmcwhirteraj@imageshack.us,Masculino,Florida,30.6
c3c76941-d481-4ac8-bfd9-cdc48ed9dbf0,77,abarnsdaleak@nydailynews.com,Femenino,Alabama,28.8
35b8a692-45ab-4b92-91cb-3353fd2d15d6,56,aeglingtonal@npr.org,Femenino,Oklahoma,31.6
5f54f18f-4c13-4b4a-a7d0-5d9dae8cfffb,71,ddibiagioam@digg.com,Femenino,Minnesota,29.8
b23b6df5-bd59-4515-a6e0-924bf256b6f7,26,levreuxan@exblog.jp,Masculino,Oregon,20.6
0a9eb753-051f-43c5-8bde-0039205e4d5e,47,cchallenao@creativecommons.org,Femenino,Oklahoma,28.3
50ec8ffa-1005-42c8-ad68-4dc317307320,53,rkomorowskiap@e-recht24.de,Femenino,,26.7
4405abce-47fe-41f4-99bd-7a1a25a56007,53,hdoelleaq@usgs.gov,Femenino,Texas,30.0
bc3e88a8-549f-479e-a380-dba6499b198b,46,iwillderar@sogou.com,Femenino,Florida,20.6
4fb14ef3-2170-47c3-a285-999b964c60cd,65,ueccleshallas@sohu.com,Masculino,Alabama,18.9
fb072707-2111-4a6e-bbc4-6fa9ab9ee17d,53,ytitchmarshat@vistaprint.com,Femenino,Maryland,30.2
65ed4067-a79c-4deb-8af6-9093073d9e31,20,tperonau@discuz.net,Masculino,Texas,24.2
ba8561a9-620a-459d-94fa-59d8c56abf25,84,mburberowav@tripadvisor.com,Masculino,Louisiana,23.1
c16c4a0f-27cf-4a89-b3c9-29bf88b782f1,64,hclementetaw@cnet.com,Masculino,South Dakota,30.2
7e4b37f7-6649-4f26-bb40-ab397a5c987e,66,dthebeauax@mayoclinic.com,Femenino,,18.2
,46,croylay@merriam-webster.com,Femenino,,19.7
,31,cmacallenaz@about.com,Femenino,Arizona,26.8
90317126-7c30-42a1-a17b-b168b515b93d,74,bpeacockb0@mysql.com,Masculino,Florida,26.3
01702aef-3503-4f1a-8c11-e51a244917e0,54,btarpeyb1@simplemachines.org,Femenino,Colorado,21.9
d00e8a36-6a0e-474f-af65-b284dfe5ff74,42,mmoaklerb2@blogspot.com,Femenino,Florida,22.9
9a9b86c8-ba74-40be-85bd-ff2630ff7e32,61,cgaskb3@toplist.cz,Femenino,,29.6
a1cb1b19-a277-4bdf-a2e7-d9673c0dfede,25,gleblondb4@marriott.com,Femenino,Pennsylvania,24.2
dd6724d9-640e-4558-ab97-68044b74a0c6,75,tstanilandb5@jugem.jp,Femenino,Colorado,29.3
d811ffba-f83e-48ec-97c0-d13ad547156b,47,cgilbertsonb6@google.com.br,Masculino,South Dakota,20.6
593d6805-20d5-4de5-a0cf-30338e2b24ec,77,pnundb7@sogou.com,Masculino,District of Columbia,23.5
ec4ed489-9a66-4c41-a84c-43acde338976,75,bvaughnb8@pcworld.com,Femenino,Arizona,30.0
3abed17d-6f3d-4b08-adb3-98176d71dcb7,39,tmclemonb9@eventbrite.com,Masculino,California,18.8
751a5a6b-fd37-416a-9468-abb4ec141513,33,mbrittainba@techcrunch.com,Femenino,New York,20.9
9136460f-88e0-43d9-b646-fa461778224b,83,kwalesbybb@dropbox.com,Femenino,Texas,31.5
,35,myitzhakovbc@chicagotribune.com,Femenino,Michigan,22.4
518a6523-8fdd-4618-bab4-1d0a81647e15,69,rkittoebd@noaa.gov,Masculino,California,22.1
1c0b986e-9c35-4345-8552-2bc88615efb3,24,bpensonbe@columbia.edu,Masculino,New York,31.6
392535e0-888e-4e16-973a-e979a1f86399,63,phundellbf@nps.gov,Femenino,Nevada,28.1
21b72779-76a0-4b82-8927-8f1a35a45fea,41,toakebg@github.io,Masculino,California,25.1
ca6755f6-710a-49af-9d81-9d526a76b593,,efeyebh@hibu.com,Masculino,,24.9
5b682c94-0ebf-49a1-8362-2b30109a93c9,43,chuggardbi@nyu.edu,Femenino,California,31.5
b5ef6796-9362-4521-8857-866e67aef01f,50,gtolertonbj@chicagotribune.com,Masculino,Texas,20.8
58ff10be-b27d-4e64-aafa-3dc46ab64003,22,ctorresibk@newyorker.com,Femenino,Virginia,24.4
6543d5b6-a85e-4775-b1ce-a58f64480b24,48,rblindermannbl@cyberchimps.com,Femenino,Texas,31.7
e3296770-2242-45ff-a876-46b1ad042f5d,43,mtisorbm@rediff.com,Masculino,California,
91e6aebf-ba62-4666-b906-f24a5acacfac,49,aboornebn@tiny.cc,Masculino,California,27.5
026d1d54-7f7d-49e9-940b-b2274c8aa4ac,,gbarefordbo@xing.com,Femenino,Texas,24.4
41e13679-ebba-4acc-a2f2-7cd3f5f8ca20,82,sbeeversbp@flickr.com,Masculino,Illinois,18.9
f733b674-5bf7-4836-9ff0-a9e28993da61,62,mdomoneybq@woothemes.com,Masculino,California,27.2
e210cec7-dc17-46f6-9034-ccdfd35b86ad,36,abrennandbr@tiny.cc,Masculino,Ohio,20.6
90674edf-22e1-48d5-a490-c074f2e96388,71,mlangforthbs@bluehost.com,Femenino,Kansas,29.6
f2cd1bb2-c0f4-4367-ad7f-1e22bb1b61c7,45,trickerbt@marriott.com,Masculino,Alaska,24.6
b2d41875-2e64-4d45-bd61-77a27ae113c5,,aschoenleiterbu@plala.or.jp,Masculino,North Carolina,23.4
,49,hstadenbv@omniture.com,Femenino,Colorado,23.2
2861ddac-f501-4a8c-9f78-89d4438cc1e3,80,tsirrbw@webnode.com,Masculino,Florida,26.6
39d1111b-7286-4407-8171-0c7e4e3aa007,58,lgillmanbx@marketwatch.com,Femenino,Nebraska,19.6
87ecb3b7-9e44-4a67-993f-9a0969e6a6a1,34,dbeneteauby@sphinn.com,Femenino,Texas,25.5
14803712-981c-4a4e-83bb-68fe1adc6a60,39,jcowderybz@reddit.com,Femenino,Nevada,28.9
ad6d3aab-40a5-4c56-87f3-5ce0b1affecb,31,lalfonzoc0@e-recht24.de,Masculino,Texas,26.4
34c36077-6d25-4040-b497-3daf5cc36228,85,sfaircliffc1@who.int,Masculino,Missouri,23.0
9ab8496d-37a9-4f16-8e99-e5231beba97b,59,dwarcopc2@sfgate.com,Femenino,South Carolina,18.3
b257cb28-da67-4d1b-a631-a8c0912bed0e,26,atarbetc3@yellowpages.com,Femenino,Virginia,25.6
,71,eroftc4@soundcloud.com,Femenino,New Jersey,
296ccaf7-0af9-4d1a-9f68-00fa17ac77ea,41,rstegellc5@zdnet.com,Femenino,New York,19.3
75d9f36c-2140-4e21-b85d-0767f8724412,32,posichevc6@webmd.com,Femenino,Alabama,30.1
1b9a763e-b95d-4a70-b9e5-e450c27b86b9,,nblaskec7@infoseek.co.jp,Femenino,Pennsylvania,25.0
26ad0ce9-cee0-4465-8aa8-2b0b7888264d,77,dalmeidac8@livejournal.com,Masculino,Texas,30.1
a4a1eb8a-d8ff-4ed2-aef6-5f83436aeb39,36,ccocksc9@csmonitor.com,Masculino,,19.0
,47,etanzerca@prnewswire.com,Masculino,,28.6
cd80852f-8f00-4da4-b0cc-0ab39ed195bf,49,imcconnalcb@nbcnews.com,Femenino,Florida,24.7
499f1769-e48b-49ce-ad95-f71df1f392a7,,tglendiningcc@sourceforge.net,Femenino,Texas,20.6
8bff7b1e-0388-4df9-b046-de215a59ae9f,55,hfrankcombecd@printfriendly.com,Femenino,Georgia,27.1
,77,rlefriecce@marketwatch.com,Femenino,North Carolina,25.3
9d1b16af-69b5-49ee-8f31-24d8b422bc31,54,rbehnencf@umn.edu,Femenino,Arkansas,29.8
,64,cledleycg@dedecms.com,Femenino,California,23.5
c7b047f2-8393-4d39-bc0d-52233ae931c5,60,dhillittch@sbwire.com,Femenino,Iowa,23.3
5804b2eb-4fd0-41c0-aaa0-c32a58605c67,21,ghehlci@abc.net.au,Masculino,Maryland,26.8
2e18970d-2897-41ee-83c2-ef3de02f36c0,27,toughtrightcj@bing.com,Masculino,Idaho,29.3
8007eea6-a2a1-4004-a9cd-af7894e9b3de,36,edoodck@webnode.com,Femenino,California,27.2
881778eb-1b2c-4d10-94d1-3c4864006df7,85,feastwoodcl@live.com,Masculino,Arkansas,26.2
24a4c80e-89ae-41e2-a73c-dd0a03a7fdcd,74,cdempstercm@bandcamp.com,Femenino,Missouri,22.0
18045561-9619-4e35-8de5-75bc0af1ba1f,63,kalleynecn@addtoany.com,Femenino,Washington,23.2
f994c547-ab8e-4eef-8d26-09a2e8f33de2,,mcottemco@discovery.com,Masculino,Texas,23.7
ef821f17-9924-4d9b-8d7f-f34a76c2b334,59,rstigglescp@time.com,Masculino,Maryland,26.9
f99b512b-b0df-4042-bc99-d3ed4775308c,32,lraymondcq@hc360.com,Masculino,Maryland,22.8
8d7f09b7-eafb-47e8-aab2-d0e9bcf01a02,68,khachecr@mapy.cz,Masculino,Connecticut,31.3
97209cca-8e1d-4c0e-b4fc-c894e1e00b59,51,bhothersallcs@typepad.com,Femenino,California,18.2
5a557edc-7d40-4a0b-b6aa-d8a50cbdbc0a,30,eamblerct@bbc.co.uk,Masculino,,26.5
900909ec-6de5-49b4-9b97-d04328ba5a2b,51,clungecu@washingtonpost.com,Femenino,Florida,27.6
6c9f24cf-901a-472b-b4d1-d4b7dddaa134,83,rbargerycv@ucoz.ru,Masculino,Texas,21.2
f36a9d9a-5c99-45bd-a080-720ada5d05f1,70,stallcw@blogs.com,Masculino,Oklahoma,22.9
42825ee6-eea9-453a-a8ec-8cd57b679651,25,zweakleycx@constantcontact.com,Masculino,Florida,22.8
2f9858ec-61c9-4ccd-bc99-344e8b929116,45,fberkleycy@mlb.com,Masculino,Florida,30.4
d7d57492-e360-4585-b351-48840e30d3c7,53,fgrassincz@shareasale.com,Masculino,New York,24.5
4cf1f115-e69f-4c92-9d29-1570298aa18c,53,fkiffed0@behance.net,Femenino,Mississippi,24.8
eb4d4742-e8fb-4460-b13f-8ba615b76d31,55,rgeatord1@uol.com.br,Femenino,Oregon,25.3
000eed39-12ff-4682-a104-4f0b3be8d5b1,75,sbollettid2@lulu.com,Femenino,,18.6
927c30eb-bad8-471f-98f8-a98ce7050761,84,elylesd3@homestead.com,Femenino,New York,28.7
f205bf28-5e6b-46a0-a685-0aed66ddba5d,28,gstrikerd4@mlb.com,Masculino,Florida,18.9
8e95d20f-b739-4263-ac5e-f837b379a535,61,dbriknerd5@clickbank.net,Femenino,California,20.4
e000aa40-7429-49cd-abb4-3d0e41d5dbf4,62,wreddingtond6@amazon.com,Femenino,Ohio,27.5
273ff3a1-1822-42e1-82b8-005d7f55b789,87,lspellesyd7@aboutads.info,Femenino,Texas,24.3
2b835391-a496-4170-b209-a112ae39144a,71,hfleetwoodd8@netvibes.com,Femenino,Texas,
394cc61c-bfbc-4cf1-ba42-d0cd7ab78543,,ffudgerd9@unblog.fr,Masculino,New York,28.4
056bf124-5d01-43d7-99cc-9f7d266de448,75,rwinhamda@bravesites.com,Femenino,District of Columbia,21.7
,52,tcumberdb@statcounter.com,Masculino,Texas,29.5
de9f9322-c123-479e-8bbd-79d86e0a8024,85,jchampneydc@posterous.com,Masculino,Ohio,26.4
eda40b8a-8a83-4410-8b6b-5c0acd3c976e,67,tlittlewooddd@sohu.com,Femenino,New York,19.0
844dd243-8fef-4f06-8fbc-af574dc048e2,29,clambiede@plala.or.jp,Femenino,,26.3
a2e784a1-f23c-4b01-9621-8c508bb6553f,65,gmurdendf@vkontakte.ru,Femenino,,20.5
5382aaea-5656-4082-af76-4dd73acf12c8,47,tbizzeydg@ucsd.edu,Femenino,Florida,19.6
ac5b2f92-33af-4266-89ae-2ae8aaef9a8f,85,cgoldsdh@usa.gov,Femenino,Indiana,28.6
a049fda9-e465-40e2-88bd-60287be954bb,66,kpenfolddi@java.com,Masculino,Louisiana,22.0
88051aee-bd30-44d2-a7b2-f9241319e06c,80,lbrusterdj@theglobeandmail.com,Femenino,Florida,29.5
9db3fef3-51fb-49ae-80bd-208261c9cfcd,65,cpragnelldk@fotki.com,Masculino,New York,27.6
93b35299-dc09-48d4-982c-2d0be72a07df,77,kpigneydl@engadget.com,Masculino,Ohio,30.1
7bac61bd-0047-4902-a234-df498cb36d02,,aclaremontdm@ucla.edu,Masculino,District of Columbia,23.3
e88117e0-02fc-4f5b-a58c-db84a8d76e10,81,gnormanelldn@usatoday.com,Femenino,Texas,25.7
f64dd331-9958-4e4a-94bd-6d41a6db34d4,84,abickerdykedo@google.nl,Masculino,Nevada,21.8
b1323617-a450-4520-9641-2c55d77ca347,29,nwiffielddp@de.vu,Femenino,Missouri,24.3
2de9ff72-a55d-4aa7-bb0a-54a7e1c00339,73,rwabedq@army.mil,Femenino,,24.3
21783d78-640d-4b41-8db6-a16b4396948d,81,cmcsparrandr@timesonline.co.uk,Femenino,South Carolina,28.3
78ac0337-b15c-4a04-80b9-2625f8433a8e,,malfonzods@guardian.co.uk,Masculino,Texas,22.3
67610c74-b545-4da8-a99d-5c407201af57,84,stamburidt@ning.com,Femenino,Pennsylvania,24.5
8dbd8e1a-3ab1-4dc3-ad6a-54a41bad4eec,26,ahabensdu@go.com,Femenino,California,28.1
c2e246e1-9e19-4475-a3f4-234464eab4fe,73,sarmigerdv@t.co,Masculino,New York,18.1
375ec418-2745-4640-bb9d-f619b307963b,71,mtillarddw@livejournal.com,Masculino,Texas,20.4
e067a5d8-fec3-4b77-bd06-efd407efd075,40,pprimodx@cnbc.com,Femenino,Ohio,21.1
e27f0856-b56a-4b60-a969-cfdaf578bb28,65,wbinforddy@independent.co.uk,Masculino,Massachusetts,30.3
785e85d7-b125-4eaf-8aad-139c9ed88208,20,cwarkedz@alibaba.com,Femenino,Florida,31.7
08215420-3c5b-4728-b9d8-a448e699fb81,29,jmcsharrye0@oaic.gov.au,Masculino,California,31.8
bd53e154-6f87-4382-8480-2907067137c3,29,pllope1@wordpress.org,Femenino,Ohio,30.7
7711115b-8da5-4e0d-b57e-8a667f00b9d2,18,farnalde2@boston.com,Femenino,Texas,21.2
e81d4b25-67c9-4c9e-8b4f-906f2152330d,24,ddeeleye3@instagram.com,Femenino,,29.1
a3807a94-1fe7-45c0-9eea-f87ff6964ece,20,fdemariae4@fastcompany.com,Femenino,Massachusetts,28.5
,32,lmacaulaye5@cocolog-nifty.com,Masculino,Missouri,28.5
2084f91f-08fb-44dd-a566-00cd6e63d8eb,,ceathertone6@tumblr.com,Femenino,New Jersey,19.1
2d53daa5-12a9-4f21-a0cb-02488f7095c0,27,ssavine7@theglobeandmail.com,Masculino,Alabama,23.5
be0cfee3-162a-46a8-8613-d13ffa17a87c,33,lgirodiere8@vk.com,Masculino,Arizona,20.3
5579961e-fabe-4762-a46a-7f7ffe0d735f,36,gdriffielde9@myspace.com,Masculino,New York,26.5
48925c5b-0e61-41ea-80ee-c8d3a6b73e37,37,jwinsonea@sakura.ne.jp,Masculino,Texas,18.4
dbcb048f-7223-4525-a5b2-8154d5a2e70b,43,dredshaweb@oakley.com,Masculino,Minnesota,29.1
7b44a1b3-32b7-4aac-b36d-c720d30ab5f8,56,dwapplesec@scribd.com,Masculino,Kentucky,27.5
98005bed-1de8-4313-831c-0510dd50a261,69,amossed@spiegel.de,Masculino,Florida,25.2
311127dd-de58-406c-90d5-6bccf767bedc,83,tbentoee@shutterfly.com,Masculino,Tennessee,21.9
581836ba-6678-4918-a221-b666bf054b1c,29,cfalckef@symantec.com,Femenino,New York,18.0
c80a2740-7246-4f81-a066-45b7688c0f95,30,gblindteg@g.co,Femenino,Virginia,19.2
55159d34-d943-4ce7-8036-a44aea2b3749,80,orettereh@amazon.co.uk,Femenino,Indiana,21.9
8f191b6a-ae97-49c7-b9e0-b8f5065188f5,45,rberniei@woothemes.com,Femenino,Pennsylvania,18.5
a67c8c18-4ea6-4f9b-9e85-96120d68bd99,28,sisoldiej@edublogs.org,Femenino,Texas,21.3
3229e9aa-5b2b-49de-847e-08c902105ad8,76,pbrackstoneek@dagondesign.com,Femenino,Oklahoma,28.7
75f2641a-1006-4e4a-bc51-87e44c3c1a92,68,lfolcael@omniture.com,Masculino,Illinois,24.8
f608fe71-f835-4d19-b098-32f236ed8e58,30,fgabbatissem@myspace.com,Femenino,Ohio,25.2
08ed21fd-f07d-45cd-8434-3bb8fc62a5a2,45,mdorsayen@exblog.jp,Femenino,Texas,23.4
2568ec0a-cce4-4dc5-b5c9-76f7a69fdcff,52,abestwalleo@ox.ac.uk,Masculino,California,30.3
53f46980-e735-4d70-ba3a-cc3477cc3d97,86,frolfiniep@twitpic.com,Masculino,Delaware,21.4
5ff2982d-428f-4122-838f-246ba24267dd,61,mbokeneq@creativecommons.org,Femenino,New York,26.1
44bd089f-c4c2-41b0-ba0d-f095a7b9063c,32,rjenckener@list-manage.com,Femenino,Ohio,28.2
cef124e7-6a88-4521-9d87-8ca112c1f161,33,pcapelenes@businessinsider.com,Masculino,California,26.9
cf0226b0-68d6-4fe5-9059-4a7ce1fc324d,20,slanderet@engadget.com,Masculino,California,23.8
c55d4593-12df-4246-8daf-b643b62e4e25,58,cmcdowalleu@fotki.com,Femenino,Iowa,24.3
dc91e18f-b6eb-41b8-a4aa-e2408699190f,84,rhubaneev@hatena.ne.jp,Femenino,Arizona,20.8
16f357c7-2974-482b-b4dc-b42147889d72,26,rmccaugheyew@diigo.com,Femenino,Florida,30.7
6c283e13-eb2c-45de-98cd-973328981c3f,52,kcoodeex@dell.com,Masculino,Colorado,27.7
ae23d119-ae4b-40b0-b23a-139dde159d8f,66,dfippeey@oaic.gov.au,Femenino,Iowa,23.9
5a623790-6c88-4106-9a04-f480b2d76245,23,twyardez@dot.gov,Masculino,Iowa,28.3
c33ac146-b308-434d-b72d-ca6e041f5047,45,ejellf0@arstechnica.com,Femenino,Illinois,20.7
ee9a9be8-c6b1-4dd1-a841-53820738f752,19,iwottonf1@zimbio.com,Femenino,Kentucky,26.4
33e65396-8466-445d-99ce-25731a60cc4f,78,tjaumef2@deliciousdays.com,Masculino,Ohio,
6a1ddb82-7372-4a13-8dbb-ba227813e04b,,tcameranaf3@nyu.edu,Masculino,Texas,25.3
1b01b1c8-c447-4ec6-911c-72403fd2c5a0,47,etouhigf4@un.org,Femenino,Tennessee,26.4
f312a207-4e70-4c55-9744-0355d98fd9b3,82,njerochf5@homestead.com,Femenino,District of Columbia,31.4
c3e691a9-8912-41e6-906a-ff8937d40ef7,26,ljowlingf6@soup.io,Masculino,,25.2
8fde875a-8107-43eb-aba5-f65fa9eaa216,,emcgurnf7@usa.gov,Masculino,Louisiana,26.8
043b9e1a-1dc6-4286-b6fc-167f54bd895a,69,ssherrockf8@friendfeed.com,Masculino,Georgia,24.5
1eede02e-8856-4a0b-9ff6-d73f9f755ed3,76,rweberf9@mayoclinic.com,Masculino,Pennsylvania,19.0
eb0d39e3-98f4-4991-a1d5-9009ac0a14d5,77,bcursonfa@studiopress.com,Masculino,Nebraska,18.2
7180be73-bb92-447f-96fd-f019d522f943,35,ewisedalefb@clickbank.net,Femenino,North Carolina,27.4
aa97528e-2d73-496e-9270-716de86c50ab,71,jantwisfc@berkeley.edu,Masculino,Florida,25.8
7e7da73e-945e-43ec-9578-8852fa1a0eba,30,tdefrainfd@hhs.gov,Masculino,Michigan,29.9
ae0cf4f5-4e02-4309-ba39-6fb21ec2fd6a,85,dsealfe@eventbrite.com,Femenino,Minnesota,21.4
810f24c1-fbb5-4de4-85a9-8bfb51ed7ef5,44,kbrashawff@sphinn.com,Femenino,Idaho,26.5
52f714b3-b256-467a-815f-41149e9094c6,85,jbiggamfg@gravatar.com,Femenino,New Jersey,24.3
49deae10-6d89-4a6d-9df3-34a3af803a47,20,icockettfh@hhs.gov,Femenino,Virginia,21.6
e2949c65-dc3d-42ee-90c5-877608fdb3f6,68,rroslenfi@facebook.com,Femenino,California,20.5
2980e377-2dfc-422c-8e9a-5f109b1fea01,,hmacritchiefj@vinaora.com,Masculino,District of Columbia,18.3
b49eddf1-83bf-49d6-91c7-bcaf95cd1fb0,87,elayingfk@nsw.gov.au,Femenino,Ohio,27.5
cdea672a-ab84-4eb0-94bc-0fdb9b26e8bd,39,ofeelyfl@upenn.edu,Masculino,Minnesota,26.6
9c88d2ec-875d-48c0-8557-1c01e3522d5e,72,ijonesfm@latimes.com,Masculino,California,
,22,cstobartfn@addthis.com,Femenino,,30.8
0c4d123d-6152-41af-84eb-d52867fc4852,67,dholberryfo@theguardian.com,Masculino,California,30.1
1aa9004e-6205-4e81-bbcb-e215c5386d1c,19,ffoxtonfp@stumbleupon.com,Masculino,District of Columbia,24.2
,39,amazinfq@accuweather.com,Femenino,District of Columbia,22.9
e5255243-1682-4cee-be1f-202da57075af,38,ccursonsfr@infoseek.co.jp,Masculino,Connecticut,25.1
f39153c9-ea48-41ee-8df2-cb9bf608cf3d,68,iespadaterfs@microsoft.com,Masculino,Virginia,23.2
fe527575-e910-4f16-b2f0-5a8f34db4820,84,rpalaft@usgs.gov,Femenino,California,21.1
02d7fe56-e275-4161-bd9f-43c4b08884aa,38,tkovalskifu@ovh.net,Masculino,South Dakota,23.4
95f4a9e7-c4e5-4b87-9ae3-7ac0cffb6ba9,70,tkhomichfv@cdc.gov,Masculino,Kentucky,18.8
17260f91-4c59-4552-8105-7cbbcb58fa20,76,cjovovicfw@apache.org,Masculino,West Virginia,29.9
ca3ae0a6-5151-4bdd-b5b8-bf14073824e9,,thonschfx@un.org,Masculino,Ohio,21.4
f86c3066-1ff6-423a-a564-be144dcd553b,68,cdecourtfy@ow.ly,Masculino,Illinois,18.9
64de0e85-01ca-46b5-b9b0-c6056b7004a7,,hfurmstonfz@aboutads.info,Masculino,Texas,28.5
f68cb083-ff7d-49c9-9aad-4fd0b988fe99,53,pspeirg0@yelp.com,Masculino,,21.0
e28fae31-b81b-41d9-9c69-f50c93cf651e,68,ssussansg1@geocities.jp,Masculino,New York,31.1
3da58742-131a-4978-8ce9-bb3da53d4248,75,dbeareg2@google.co.jp,Femenino,California,25.8
aa6ddf53-cfa2-4273-bbb0-181a76653962,57,cnickollsg3@biblegateway.com,Femenino,California,21.0
e8080177-a006-4e95-ab35-86348178d1e1,62,ldigling4@wunderground.com,Masculino,Pennsylvania,20.4
fb07129f-7fdb-4c0d-863b-fb863fe4ec3a,86,ntrevorrowg5@naver.com,Femenino,,29.4
43ccce71-b284-43ec-a5ba-09256689f1d2,37,zpoyserg6@bandcamp.com,Masculino,Texas,21.5
,45,cpeeterg7@themeforest.net,Masculino,New York,26.7
90b67308-0b0c-4b08-8e40-108cbde2b286,26,ptitheridgeg8@pinterest.com,Masculino,Georgia,24.8
4208afda-cfb6-4976-81e4-91e4946380a8,,ebetong9@dyndns.org,Femenino,Alabama,20.9
c8fcb1bd-58a3-4afb-8f20-a0036ded2fd0,60,crozzellga@howstuffworks.com,Masculino,Texas,24.6
71346a00-86f0-42d6-a085-549d3cd3d5ab,25,lfrischgb@nymag.com,Masculino,Texas,22.2
a714d42c-f7e2-41c9-a079-75be80690db5,,twhildegc@php.net,Femenino,Kentucky,23.2
bccfdecc-4bbf-4571-b9f3-36b1c4cab60c,34,molleygd@mediafire.com,Masculino,Florida,29.9
008ffda8-0824-413d-b878-8c14ae1c605c,47,wenglefieldge@archive.org,Masculino,Ohio,29.7
5f4d37e1-7bf9-4a11-a7b6-d21fe35a003f,36,fkraussgf@elpais.com,Femenino,Michigan,19.4
633cd229-91dd-4548-8a14-25b715f4956f,34,erusselgg@linkedin.com,Masculino,,29.5
1481369b-d22e-4e25-90a2-8a78047dc8c7,37,twavishgh@csmonitor.com,Masculino,Minnesota,29.8
3124794f-0b8a-4815-85b8-648b42c0c9cd,22,rhaizeldengi@shinystat.com,Masculino,Texas,24.3
12c1a858-1d1e-4dc2-b8dd-35021f38bf00,53,nsleafordgj@nytimes.com,Femenino,Michigan,30.1
fbc0a61e-03a3-46ca-a176-af27392f9a49,70,eprinnegk@wiley.com,Masculino,Kentucky,23.8
f32fbaae-9670-4cff-a5ff-fd630ba1f105,36,cgregangl@samsung.com,Femenino,Colorado,24.2
62b6def5-aef2-4a8f-9640-4171c12c2c27,20,mkillwickgm@photobucket.com,Femenino,New Jersey,22.2
efb225d4-0b68-47a4-ba32-d42cfca9b5f7,60,klunogn@apple.com,Masculino,Kentucky,19.8
45a05b74-1782-4e5a-8802-904a356b5b09,81,shammelgo@angelfire.com,Masculino,Florida,28.4
8afa18dc-fcf9-402c-bb59-7e6f4f2db199,20,hcopseygp@nymag.com,Femenino,Michigan,22.7
fdd3bdf9-25a4-4af1-8d01-3cfc1e03e515,37,vlorencegq@tumblr.com,Masculino,California,28.1
759862e1-ed96-4537-9309-635954f19191,56,pbramegr@tinyurl.com,Masculino,California,29.4
97590a83-0771-4146-951b-4949078bf438,60,djeannongs@discuz.net,Masculino,Texas,26.3
c6308756-236a-4cab-86ff-0032e64d9088,,sboullergt@wufoo.com,Femenino,Arizona,26.1
f3cde04a-9505-43b3-b1bc-c4c7a1905553,64,cwestmacottgu@china.com.cn,Femenino,Texas,22.2
5c266b97-f672-4c42-be78-9ecf7e240faf,28,vgautreygv@netvibes.com,Femenino,,23.7
4b72c950-86db-4c57-baf2-6952c27634c0,53,mwedlockgw@prnewswire.com,Masculino,Nebraska,18.4
0fa86c5c-5927-4f13-bf59-81685a8cd45a,36,fvanmerwegx@netscape.com,Femenino,,26.6
18cb1022-5cc2-4823-870d-2b4858ad4f44,21,tsevittgy@cdc.gov,Masculino,Colorado,18.0
0cca2143-e886-445f-89fd-8dea048a90df,20,mgreenstedgz@springer.com,Femenino,,21.9
a6b48c68-9923-4201-8f4a-02fb89ddbb13,,epiletich0@hubpages.com,Masculino,Colorado,21.4
b019036f-8954-4b55-aab2-927e7417e54e,33,dwitheringtonh1@mayoclinic.com,Masculino,Washington,23.9
9bc4ab1c-0fa6-4a45-a65b-501d684c1599,81,smilbourneh2@cbslocal.com,Masculino,Pennsylvania,19.7
ad81bb88-b079-4536-a749-d10f8b67758b,27,pharsumh3@gmpg.org,Femenino,New York,31.0
dc65089d-26e4-4db2-a25b-b7aeeda38922,77,mhowieh4@rediff.com,Femenino,Texas,28.2
771c2476-856c-428d-b232-860ba2862663,26,mrushmereh5@instagram.com,Femenino,Indiana,23.8
a92c67de-c674-402d-a28a-c1b497de7350,58,jgonnardh6@tinypic.com,Femenino,North Carolina,18.3
5f850456-6294-4068-b4e0-70885fb777db,29,rrobardeth7@scribd.com,Femenino,District of Columbia,22.2
a09e5f0e-19d6-451e-b34f-a1545135ca35,53,fburelh8@constantcontact.com,Masculino,,22.8
981377e9-7cfc-4dc5-8c93-46621f46a067,22,ftonepohlh9@sbwire.com,Masculino,California,28.7
,36,amcphilipha@nytimes.com,Masculino,Texas,30.7
098266b0-b658-4a8c-887a-e7b9022209fb,37,mhathornhb@multiply.com,Femenino,Florida,20.8
6a9f285b-15b1-48d5-b85b-889ca8e068ef,52,adockwrahc@phoca.cz,Masculino,,20.6
bdf581cc-153b-4dc6-b18c-7eee3053c250,59,kdartnallhd@example.com,Femenino,Tennessee,23.5
db23205b-e947-48a9-991f-c9a2a898d379,45,fgobeauhe@imageshack.us,Masculino,Florida,31.1
04511677-6d3e-4e7d-a95d-7ce6289de3a6,55,gcheethamhf@rakuten.co.jp,Femenino,California,31.6
d6bf68da-e6d0-49b7-8b2f-641fee5fa914,67,rlandrethhg@odnoklassniki.ru,Femenino,Kansas,21.1
3d2b788b-c86d-4774-ba48-42e7714b2343,59,atanfieldhh@fastcompany.com,Femenino,Ohio,24.5
f8714fd4-9bb2-41bd-891d-d531aec5f45c,60,edriolihi@theguardian.com,Femenino,California,20.3
037d696b-99fe-4c2b-9d95-b63842ee5835,76,tadamouhj@prlog.org,Femenino,Colorado,23.1
068df602-eb94-406a-98b8-065233fd0daa,66,wedmensonhk@merriam-webster.com,Femenino,North Carolina,23.9
6e7f5a77-96be-41bb-b531-881b09975039,54,kcroleyhl@shinystat.com,Masculino,Pennsylvania,18.4
e555e328-8f45-46e8-9260-a35f3f8afeaa,59,ghardemanhm@reuters.com,Femenino,New York,31.8
153841dd-0e9b-44e9-b0e4-c1b502c3d225,83,wpalatinohn@hostgator.com,Femenino,Virginia,30.9
d5c5483e-0261-4a54-a5e5-8f39f2488f13,,dtaverinerho@cyberchimps.com,Femenino,Maryland,27.8
,51,ssidneyhp@latimes.com,Femenino,Arizona,30.5
fc9e0744-6913-4934-b290-2cd07230b796,63,cogianyhq@t.co,Masculino,California,31.6
eb9e0523-d186-4e77-8db9-0696e9a75068,82,rharriehr@tamu.edu,Femenino,,19.0
5cd00938-0f47-4246-8868-dad3007acce0,67,awallegehs@discuz.net,Femenino,Pennsylvania,26.5
cbcd63c7-945b-46c0-ab8f-782c83cd76fc,44,kphilcockht@goodreads.com,Masculino,Massachusetts,30.1
ae3f07fc-8186-4430-bae3-e04e6b17e19c,24,mjozwikhu@histats.com,Femenino,Virginia,22.8
32097f19-e03d-40bb-9e35-cd771ba3098b,71,fcoulmanhv@harvard.edu,Femenino,Louisiana,23.7
22cc085a-0c91-44e6-b389-3de447f3bb4c,33,rdowyerhw@dyndns.org,Masculino,California,28.6
19a71834-afbe-450b-b38b-0eeb5a8af870,64,kminethx@cdc.gov,Femenino,Texas,28.7
5c904c2c-2d71-4a68-9334-f6d6ef12af82,50,pedgeleyhy@yelp.com,Femenino,California,23.3
b4cce7c0-f1ab-497b-abda-5836d2f1cdc9,68,lconeleyhz@usda.gov,Femenino,District of Columbia,27.7
99177ebb-b5c7-42b7-aa15-50589db24ee5,84,fgiordanoi0@google.it,Masculino,Arizona,25.6
fc1b876f-7935-472b-97af-84d6ccc78081,24,stweedelli1@biglobe.ne.jp,Masculino,Connecticut,20.0
4f7410fd-01e4-499c-9f36-8ee40921b9bd,31,growleri2@reverbnation.com,Masculino,,29.3
55779f60-a077-4ab7-bf71-0983ff9f7097,77,kwhatsizei3@howstuffworks.com,Masculino,New York,25.8
9f655bc9-94fc-4793-b655-299ee2e40323,42,dgrishechkini4@sourceforge.net,Masculino,New York,19.0
5dcec42f-11b1-4005-939f-413785e6939d,71,cbottomsi5@oaic.gov.au,Femenino,Colorado,27.2
986c6c29-bafc-4d6a-9462-b2b278771d45,54,eleversuchi6@hatena.ne.jp,Femenino,Texas,19.8
ddf15894-99c3-485d-b050-905f7f02f354,87,vpenfoldi7@symantec.com,Femenino,Pennsylvania,18.1
df2e4392-d7ef-4411-a92f-f066e62f7dc3,50,amcaughtriei8@upenn.edu,Femenino,Texas,23.0
6977422e-e07b-40ce-b0a1-65b06249379a,19,ejendrickei9@histats.com,Masculino,Pennsylvania,26.1
77fbf188-7f6e-4b22-8ac3-63f3de2aef15,39,jbuxseyia@examiner.com,Femenino,Kansas,27.3
497ad368-0560-4ed2-ac8a-303a69c6b7db,42,geppsonib@i2i.jp,Femenino,New Mexico,18.4
fadb84b3-e647-4be6-90d0-f883cda98e5c,63,mmantramic@rakuten.co.jp,Masculino,District of Columbia,31.4
099828ad-d386-4949-83e4-0eaf46aa8d25,63,lromaintid@scientificamerican.com,Masculino,Louisiana,20.5
ef13db61-84fe-49a4-9ba4-020928606a16,66,gwandtkeie@shareasale.com,Femenino,North Carolina,27.0
dc2d3a34-b845-4a47-a843-daee9b85086d,60,ymatussovif@wix.com,Masculino,Hawaii,27.1
1a3cb9b1-1a7d-4dad-aadc-f7127ec95f4f,57,tpinarig@barnesandnoble.com,Masculino,New York,19.3
bb6d25d2-0f79-42a2-948c-0e2666aaedc8,62,mpettegreeih@google.com,Femenino,,29.0
025f14f2-ce27-4e94-8c54-606fdde8e228,43,mjewittii@scribd.com,Femenino,Florida,25.8
a2cc0c9e-d644-437c-a75b-a6d6b761e0c4,35,mtremayneij@w3.org,Masculino,Maryland,25.2
,66,edivesik@unicef.org,Femenino,Texas,21.1
f59759d9-6722-42bf-b493-55b57620e49a,48,fbeckinsaleil@ocn.ne.jp,Masculino,Colorado,18.9
d37c6070-1f3a-41e6-8ea4-5526c292591e,21,febanksim@si.edu,Masculino,Texas,26.5
191ca76b-3132-42cf-bba6-5f938a265c37,38,rchasmorin@live.com,Femenino,Florida,25.0
d9d21ff2-dfb1-4afa-a147-61d714da3f7f,23,hgillamio@histats.com,Femenino,Nebraska,23.3
a40a7150-0834-4fc7-ae8f-fefffe3bf83c,52,jdelacourtip@time.com,Femenino,California,31.9
04724e48-032f-4ee0-b9be-bd89d40afa68,31,mbonassiq@dot.gov,Femenino,Indiana,24.9
aaaf25e2-de4e-4ef8-9a82-003b70ce5df3,72,ecarraneir@cargocollective.com,Femenino,,29.2
060d46fb-9c0b-40f7-a2fb-f7c3d9fb38aa,58,rbartoszewskiis@youtu.be,Masculino,Virginia,18.3
3b74b631-8c90-49f2-98ba-90358e7e1a7f,82,zastallit@hostgator.com,Femenino,Michigan,23.0
f215732d-5f54-4995-954c-1bc703ad1efa,,phardmaniu@ask.com,Masculino,California,23.8
9b68a3a0-394b-4b65-bce5-9ce82e101f17,41,dfairbeardiv@hostgator.com,Masculino,,23.0
c41f4d81-2834-4cfb-8e2b-1a0179ef6872,28,hskeatesiw@pen.io,Femenino,New York,25.1
7dc38223-8b7d-4e46-87f6-54d390b6e993,52,ssodoix@wunderground.com,Masculino,Pennsylvania,26.4
8c38cc6e-774c-4d7e-b9ea-a8ffbc91b4ff,39,cbowditchiy@de.vu,Femenino,Florida,26.2
8f114e47-59dd-4d72-ab6d-6a7d99d5fa15,54,bjachimczakiz@discuz.net,Femenino,Iowa,29.0
adedd998-2105-479e-a996-03a50212f38b,38,smurricanesj0@soup.io,Masculino,Georgia,18.8
e2e368d4-ea81-4ad0-94dd-8588364eb275,21,jmarcinkusj1@pbs.org,Femenino,Florida,21.3
2160db1d-9254-4ca8-be28-d842ccd92ca5,62,vaimej2@fastcompany.com,Masculino,Florida,18.9
2d6e512a-2313-45ed-879f-20e04c2bb884,73,sfanthomej3@auda.org.au,Masculino,Louisiana,30.5
76fe9f7c-627a-4e6c-abdc-2e5eab8e6279,59,mmaddiej4@wiley.com,Masculino,Pennsylvania,24.3
259d8a50-8c4f-428c-9a32-c7a338238ddc,76,vcunnowj5@about.me,Femenino,New York,18.3
5c71a5cb-81d5-4054-b7a5-a9c59df4f951,20,cosgodbyj6@nasa.gov,Masculino,,19.9
989baff0-3b5d-444b-8e50-76ab7ee8c0b6,44,gyegorkovj7@4shared.com,Femenino,Florida,28.3
aa955524-5f0e-4fdc-9dae-f96b7d6f01cc,36,jskyramj8@mysql.com,Femenino,California,27.6
0c3022a8-eabb-4ed8-bc81-eea603f6b6cf,83,bbrillj9@discovery.com,Femenino,,30.6
88d075b0-dfdb-4b8e-8f7f-9f957a069f63,25,kvahlja@goodreads.com,Femenino,Maryland,31.2
4fbc2754-ea09-407b-904a-eed99fa51ed1,27,amalserjb@cpanel.net,Femenino,,26.8
d97ccbee-4821-4eb9-81fd-79304d5adc37,69,eetterjc@usa.gov,Femenino,District of Columbia,30.9
f3352bea-f71a-4a5a-90d3-eef3ca264067,50,jmanfordjd@goo.ne.jp,Femenino,Indiana,31.3
21438e30-796c-4a01-849a-f23e97de0700,56,mmadgwichje@nbcnews.com,Masculino,Montana,28.8
5dfd09b6-2c6d-403f-890b-7cd064eadba6,73,nshepheardjf@wikia.com,Masculino,,25.3
b2a5e0c4-98ec-4765-981b-8db4d4a2c427,59,mkemsterjg@google.com.br,Masculino,Kentucky,21.8
9a34a12a-2d38-429b-9667-1f9f5d609c90,63,mkieransjh@dedecms.com,Femenino,Florida,29.4
24a8f87f-56ea-49a2-9260-381f2a6a371c,84,emountjoyji@bbb.org,Masculino,Washington,20.3
bc0ad6fe-09b6-4407-bdd0-cd7eddb62b96,24,gledekkerjj@homestead.com,Masculino,West Virginia,25.9
38c20c96-0eab-45e3-a7ab-4dce06797325,37,dblazewiczjk@sitemeter.com,Femenino,,18.9
03d6f8b3-dfd1-4f8c-b2fb-39324744bae7,27,wklemtjl@bbc.co.uk,Femenino,Pennsylvania,27.2
840882a0-b681-4d1a-b65f-87319811d279,18,cmcnamarajm@google.cn,Masculino,Massachusetts,25.7
71c25162-ac9a-4bc0-aa7d-4ee32ff30d6f,55,martusjn@youtube.com,Femenino,New Hampshire,29.8
15f07a29-1e1a-419f-9264-87e6b7b7150f,,mblasdalejo@artisteer.com,Femenino,Florida,26.8
5edaea96-8197-4c45-9d0d-f6f97e218243,73,dpethickjp@istockphoto.com,Masculino,Tennessee,27.3
f8d81b74-7f1c-4838-a14f-d4719bf99913,25,tdurranjq@rambler.ru,Masculino,Missouri,29.4
c1770871-fb20-4f93-8114-7acee94eafa2,48,jbuddingjr@scribd.com,Masculino,West Virginia,29.9
5d3a974a-1e26-4cbb-8daa-7d2cfc47b6ff,55,hellissenjs@yahoo.com,Femenino,,21.7
3fe951bd-1f27-48a5-8c57-672220ea4e77,54,lsearsonjt@google.it,Femenino,Michigan,31.8
c70dec6a-1f73-434e-bc3f-96b7ffb39b9a,63,asimioliju@delicious.com,Femenino,Colorado,22.2
af1a92d0-5029-423c-aab5-5f33cde2609f,42,lchildersjv@scientificamerican.com,Femenino,Pennsylvania,24.4
479e3230-ccf8-41d0-b057-0f68de3583a1,55,llevingtonjw@answers.com,Femenino,Texas,27.6
1e867c41-3aa3-4e28-b61d-86dffdaa0b51,41,ncrumbiejx@hostgator.com,Masculino,North Carolina,28.8
1b2caa83-db28-45d9-a5cf-b9932bbbf2a8,,lmcallisterjy@loc.gov,Femenino,Virginia,31.8
99db2d18-95d7-488e-b026-532ebc04913b,36,lreyburnjz@gravatar.com,Femenino,Oregon,30.8
3b61b736-0f58-4221-8510-00fec86fc171,58,mdrinkallk0@nhs.uk,Femenino,Arizona,18.9
5cc48bbb-b630-431e-9669-b37c1db48a1e,26,candertonk1@eventbrite.com,Masculino,Arizona,21.5
db990f12-c1ab-40a6-a35b-e5d8d71624eb,87,mreinbeckk2@auda.org.au,Masculino,California,30.8
f732ae51-edd8-4bde-a69c-42aac53dfbff,54,gmcnaughtk3@amazon.co.uk,Masculino,Idaho,27.0
77d6c565-2a1e-471a-b9af-6fa14bb19b83,44,jeasmank4@rakuten.co.jp,Masculino,Louisiana,30.6
ad3631f8-3d79-47f1-9b31-2dd30e25d732,39,dleadbeaterk5@people.com.cn,Femenino,North Carolina,28.4
5733cf34-c7aa-4e70-92e5-c3f254f249b7,20,jedgintonk6@weebly.com,Masculino,Colorado,24.1
c6055c41-0aba-4c53-8448-fba1c8472513,85,pcradockk7@samsung.com,Femenino,Indiana,20.9
374f0ed0-46a7-4f3b-8dc1-edb7497ac6bf,61,ldanhelk8@amazon.com,Femenino,North Dakota,29.3
,28,adowtryk9@dion.ne.jp,Masculino,New York,24.6
74f5e8fa-0cda-4322-aa17-58ed048a7473,63,nbestwerthickka@noaa.gov,Femenino,Michigan,18.2
cf960d13-5fac-4d7a-a5ab-f0014700eb48,76,fkilbanekb@shinystat.com,Femenino,Florida,31.1
a7c9b6b2-dc00-477e-a427-e1ca41484894,,vbontinekc@altervista.org,Masculino,Idaho,21.9
6cc91ffb-3d05-4508-9353-be80b618515d,18,abatterbeekd@addtoany.com,Masculino,Missouri,28.8
2f639010-8d85-4495-abb3-3b158aa3eab5,65,ablazake@umn.edu,Femenino,Texas,29.4
,32,ajosovitzkf@ow.ly,Masculino,Florida,31.4
2dd3c892-f3cb-403d-be31-bfca07234894,44,mtrillkg@time.com,Femenino,Georgia,21.2
4bbf792d-c011-41d3-91f9-eadec3cda767,64,cwebbenkh@bloomberg.com,Femenino,New York,24.7
7dbd9389-f9f5-48e0-9d96-5bf04ad02e42,66,obernhartki@jiathis.com,Femenino,Texas,30.3
a445698d-206f-42a7-b24b-53abd740fde5,59,gpantecostkj@uiuc.edu,Masculino,,20.1
2df7bef4-7124-4c7a-9e21-d00f2ba6306f,56,lzinikk@yellowpages.com,Femenino,California,30.5
,64,ttripneykl@t.co,Masculino,Connecticut,28.3
ed0d9b5f-6d89-423e-b0e7-a12d229d3c5e,27,gsonleykm@engadget.com,Masculino,Texas,24.9
942c5985-7a55-498a-94c0-1325d76c441d,23,dtiddykn@unesco.org,Femenino,District of Columbia,18.2
eaf209c3-1d8d-449a-873b-87dae0f1aa29,22,dscrauniageko@deviantart.com,Masculino,Texas,23.6
4ae2e597-cb43-4042-bc65-629907ab4350,34,ltidballkp@cafepress.com,Masculino,Colorado,25.2
ffe07714-bebd-4b83-a2cc-76877c05b3a7,45,hclintonkq@state.gov,Masculino,Arkansas,30.3
20e700e7-9bf3-4498-b442-55662e10015a,20,aleathamkr@merriam-webster.com,Masculino,,21.2
7a72bcad-0230-44fc-82f2-abcc10e2d063,81,mgibbesonks@nps.gov,Masculino,New York,27.7
108a9ffb-d6bd-4105-8330-baf77890d316,37,fcussinskt@tripod.com,Femenino,Ohio,28.7
efb69dd9-d997-4fa5-bba7-a760dbe718af,23,igoodreidku@tmall.com,Femenino,Connecticut,27.7
,,thallexkv@webeden.co.uk,Masculino,Florida,25.8
2608a8db-b6d6-4b50-9312-76dbcb605290,40,adimockkw@devhub.com,Femenino,Oregon,27.3
6bc69e87-1c2e-43bb-8f23-d5ef3e08191c,71,tsidworthkx@newsvine.com,Masculino,Arkansas,25.5
585e049b-3bb1-4761-b7c4-9a3368b12dd6,20,mcrameky@google.com,Femenino,Arkansas,22.5
05d5c422-928e-4e23-bfed-fc55b93c1004,48,lhitzmannkz@state.gov,Femenino,Minnesota,27.6
87a07be8-9060-4391-aaf9-0801b6cad1cc,60,rlethibridgel0@senate.gov,Masculino,Texas,22.4
de06859c-16af-454e-89d0-d351f55dc5af,43,jburgerl1@desdev.cn,Masculino,Illinois,29.7
71562bc0-c392-4e30-b528-686ddbe804f1,66,garrighinil2@unicef.org,Femenino,Minnesota,23.8
70428a8e-767b-49d2-9a9e-e21020def194,80,dgalegol3@salon.com,Femenino,New York,18.2
23b4923d-6503-4f7d-9229-7acd8379f817,18,mthyingl4@barnesandnoble.com,Femenino,New Mexico,29.8
52a827e0-4389-4b41-8088-42ae0969e143,86,pduttonl5@comcast.net,Masculino,Arkansas,30.4
83a99c98-3a77-4a9f-b310-594543d1b595,,ddochartyl6@sourceforge.net,Masculino,Wisconsin,24.5
,66,awigfieldl7@quantcast.com,Masculino,Connecticut,26.5
d0a7bfb8-fe0a-4073-bd1d-e80a1661e45d,82,gmundeel8@stanford.edu,Femenino,Texas,30.7
d9f42c6c-9946-41e2-9264-db8c8199ebae,68,ljeandeaul9@icq.com,Femenino,North Carolina,29.6
ca244d12-d472-41c4-b7c8-015f1f59cf53,73,rhowerdla@fema.gov,Femenino,California,23.6
20bf01bd-841e-4fd7-a743-828ec2123d0f,,mkenwortheylb@ft.com,Femenino,Wisconsin,19.1
c998aac8-207a-44fa-b627-59de4d791ca4,85,udaallc@com.com,Femenino,Missouri,29.4
2f603a92-3229-4c03-ab5c-3316f3bf3581,71,gespinld@theatlantic.com,Femenino,Mississippi,21.1
d3d5cd8c-5ae7-44a0-9c58-b8a00d57e7cb,,kzouchle@1688.com,Masculino,Virginia,24.2
89462166-a136-4b67-93e0-137a68766d04,20,rdytonlf@arstechnica.com,Femenino,Michigan,29.1
3d80ae7f-c706-400f-a3aa-a01211778523,76,wmacgilllg@joomla.org,Masculino,Maryland,25.1
06b801e5-3448-44bc-b66c-b162a6f3735c,30,ctomasuttilh@microsoft.com,Femenino,Ohio,20.9
ffda9038-eb55-4b70-bf38-12f1710fe883,45,amancerli@imdb.com,Femenino,Pennsylvania,
2e990c33-26e8-4c9a-a4ee-11c09e468b37,54,kmohunlj@mapy.cz,Masculino,,28.2
cc7e9d3b-9b4b-492b-87e3-08c6615a38e0,82,mkrinklk@salon.com,Femenino,Virginia,28.0
99a4ba1e-7672-43fe-a585-47867f60117f,58,lmilesll@dailymail.co.uk,Masculino,,22.6
49285653-0b67-4918-aee1-1343d707296f,68,hcoltartlm@marriott.com,Femenino,,26.1
0c6b30d1-f2c7-478e-a8ed-1504e9561b59,20,lzanniniln@comsenz.com,Femenino,California,21.2
8d1f7a21-7ac8-4a73-aff3-7d2e58a14dec,73,dmaaszelo@1und1.de,Masculino,Florida,31.8
b169addd-d35f-4d72-912c-1691938dc993,36,mvostlp@wufoo.com,Femenino,Massachusetts,20.8
f530a9a8-9d8a-484d-97c6-17214137138a,80,esygrovelq@taobao.com,Masculino,Tennessee,20.9
650038cf-37a3-48a8-a372-5bb0c7094b76,,ifromantlr@si.edu,Masculino,Maryland,28.5
4d8b8d59-2a2b-40e6-9fb4-d1f1780d310a,50,driguardls@dell.com,Femenino,Florida,22.9
2c93ddb2-df67-4b2a-a4c5-f16a1a9acaeb,86,eaudenlt@soup.io,Femenino,Arkansas,25.8
8f143a31-f76c-4d30-b263-62c749b65a71,41,ggabbottlu@umn.edu,Masculino,District of Columbia,31.7
02055099-88d3-4e46-8d56-687e1b74b24b,52,jtennicklv@wordpress.com,Masculino,Nebraska,26.0
b3dd3086-9ce1-4f54-9d28-21ff16900002,82,rmenicolw@vistaprint.com,Masculino,Florida,26.0
e154d480-d41e-4f2d-9e7a-57c4a1341df5,24,rchestermanlx@marriott.com,Femenino,Texas,22.9
aa5ee6be-bf3d-4bbd-ac0d-5b8f5c9267a9,45,cambergerly@google.com.hk,Femenino,Minnesota,30.3
667ab187-2c80-4fc3-99a1-b3a417b514eb,26,ndraggelz@dell.com,Femenino,Arkansas,18.1
200f5588-9046-4ea8-beee-ccddc16d9b74,77,abarnissm0@examiner.com,Masculino,Minnesota,24.5
e7d87c35-fe00-4ad2-8051-cd12912269d5,35,cphythonm1@cbsnews.com,Femenino,,25.0
f58bd590-2e19-4c58-b955-62d0ce5aae13,23,ljakoubekm2@mtv.com,Femenino,,22.8
,42,lbraunerm3@washingtonpost.com,Masculino,Wisconsin,21.3
b92b492e-558c-439c-8841-e70438c6035e,77,tangelim4@mac.com,Femenino,Washington,27.0
,64,charversonm5@rediff.com,Masculino,Kansas,27.0
a9baae51-3725-491c-9513-7f51494c496b,65,hackerym6@nasa.gov,Femenino,,20.9
1bd18f1c-b35f-45aa-a20d-78a7458e7b38,68,mellsonm7@netvibes.com,Femenino,,31.3
d45ad79e-3d65-40ea-8b32-c9800283b22e,33,bclendennenm8@friendfeed.com,Femenino,California,30.6
10663d70-c572-4a84-b2c0-5666628e006b,,clainm9@webeden.co.uk,Femenino,District of Columbia,21.7
86b7ab88-f8cc-4f75-addd-a906b9750381,41,amcgillicuddyma@dyndns.org,Femenino,,18.0
edf3d7b4-6cc4-4ab0-86ea-ff48f04ae36b,39,mstrangewaymb@illinois.edu,Femenino,California,31.1
634001a1-1e34-4f2d-af77-d690816b433a,75,dvideneevmc@hp.com,Femenino,Missouri,24.6
c268c4c6-1f15-4fb8-bd49-d2a6fe1a6e6a,44,cvausemd@homestead.com,Masculino,Oregon,26.2
64dc96a7-6eb7-444e-98f4-82d626eebbf6,77,rkalinowskyme@yellowbook.com,Femenino,,29.9
1e99e62f-7ff7-48df-8898-d3492c806a8e,34,cargentemf@jigsy.com,Masculino,Tennessee,29.7
9ced3ca8-c315-48e4-9233-4b1fe04da607,24,rsummerbellmg@si.edu,Masculino,California,25.4
20ffad82-47d4-4110-8165-fd5801d9217a,43,dwhittockmh@networksolutions.com,Masculino,Wisconsin,22.5
a7344bea-af3d-4bf5-91a6-0912beaf499d,18,kklimschakmi@opera.com,Masculino,,31.9
cec87570-07ce-4f0f-914f-30dffffaa82b,24,ssoutheymj@wisc.edu,Femenino,Colorado,25.1
e3efabcd-606e-44f8-ae42-7a386d94b759,82,mmarstersmk@rambler.ru,Masculino,Florida,28.1
d7e735bc-4009-47f2-97c2-259a3b14fe09,31,tfurmingerml@census.gov,Masculino,New York,19.9
44f15c44-be6d-41d1-869c-542827e4c7b6,67,btomowiczmm@51.la,Femenino,Florida,18.9
a917f5bc-f1cc-4469-abab-3403b9d987d7,60,cruslenmn@ocn.ne.jp,Femenino,West Virginia,20.3
3b344b19-744c-4e56-a6a4-f3382c939f27,80,bigglesdenmo@theglobeandmail.com,Masculino,Pennsylvania,20.3
829957c7-4e26-48df-9944-065a915e123b,,gblackdenmp@deviantart.com,Masculino,New York,25.0
da9c14ff-d2a8-4e36-bd57-71e5e4b40022,71,aolenikovmq@moonfruit.com,Masculino,Massachusetts,26.7
638f5f71-248b-43de-b935-fbe14f2562dd,84,gcurrmmr@dailymail.co.uk,Femenino,South Carolina,19.7
b8d52de5-897c-4ae1-9d6f-1a6085f16c13,53,icaplisms@is.gd,Femenino,Pennsylvania,25.2
d1223b6a-10f1-4893-a79b-2aa5efc501a9,36,swoolensmt@zdnet.com,Femenino,Virginia,27.2
1e704ac7-5c75-434a-9857-0628b174c4b5,26,bberanmu@purevolume.com,Masculino,Maryland,19.8
161f864f-3506-40ff-86a8-cd915cda8194,41,emallendermv@rakuten.co.jp,Masculino,California,21.7
bc8adbc3-169a-4db8-944c-54215e678165,,blearmontmw@i2i.jp,Masculino,District of Columbia,20.0
72597a2b-3f43-4a56-9ae6-93c911504197,83,rmullearymx@cbc.ca,Femenino,Texas,30.0
a76378dc-652c-45c0-85a8-bc3ccf95ab15,54,bgrinnovmy@wikia.com,Femenino,Florida,20.6
494b234c-8b8a-4741-88d4-076547fe4c67,69,mshurrocksmz@slate.com,Femenino,California,21.7
0c32143a-1abe-4f11-b137-3507f6886244,26,bcranidgen0@wisc.edu,Masculino,Oregon,23.2
49d0d0f5-8c3a-4ed7-8b9d-25523329dbfb,43,ppagenn1@360.cn,Masculino,Pennsylvania,23.1
,18,csybryn2@com.com,Femenino,Ohio,21.3
c6dea2f3-6d17-4100-a335-9522be340214,59,stuckleyn3@si.edu,Femenino,North Carolina,25.0
56d123be-2da6-478a-b4d4-a8f95e7c7bed,22,mlyosikn4@imgur.com,Masculino,Oregon,22.9
0c215f93-24c2-4c42-8037-d77195fe5bc3,79,rbrithmann5@purevolume.com,Femenino,New York,31.0
43bc79c6-43e9-4cb6-8f8d-4665c14597d9,63,cpacittin6@creativecommons.org,Femenino,Virginia,27.2
fe9c8dd3-42cd-4bc3-b85c-f333c7da022f,55,fhendinn7@elegantthemes.com,Masculino,Michigan,30.9
664a2cd7-90f5-412a-893b-0ac0a32d56fb,58,skonzelmannn8@jiathis.com,Masculino,California,24.1
69f172c4-dbbf-40fb-9907-40712cf4bfe8,56,dironsn9@issuu.com,Femenino,Connecticut,23.6
8f30528e-d450-4f50-b82a-c937df9cf41e,52,kmccloughenna@vinaora.com,Masculino,Texas,30.6
509ececf-1003-4ebb-b747-9073eb5fb1e0,84,dtownsendnb@disqus.com,Masculino,Colorado,18.1
4294de71-bdf5-4ac7-9ec0-bf85c33e5069,18,plawrancenc@bandcamp.com,Femenino,Georgia,26.5
3749040c-d224-4e78-821f-dcc5762188c9,70,fpenticootnd@sfgate.com,Femenino,Louisiana,30.0
647cccbf-20f2-48fd-9cc5-dd2bdf0e5d54,47,dberne@cocolog-nifty.com,Masculino,Ohio,24.1
987da87c-5edc-4485-a4f0-bbe519b7fc13,57,sbaronnf@altervista.org,Masculino,Kentucky,19.9
0594f0ef-0a69-40d0-919a-6fccfc8d608b,42,jboolng@oaic.gov.au,Femenino,Nevada,27.4
8cf4405e-782a-4131-b8d7-c9f4ea0438ca,43,fbegentnh@wikispaces.com,Masculino,Arizona,30.3
e1e12e96-37a5-46c1-ac35-f4a7abaff04f,71,acalvenni@arizona.edu,Masculino,South Carolina,21.8
d052d9d8-150e-4cbf-8d70-021487ac5ac4,19,dgianinottinj@forbes.com,Femenino,New York,18.2
f201417a-36b6-47e4-81db-f5e1b0e5d767,35,rconigsbynk@jiathis.com,Masculino,Florida,31.6
1901827d-e673-4875-9b60-6b21e87c4779,79,lplaskettnl@businesswire.com,Masculino,Florida,24.3
0921386b-db3e-4aaf-9eb4-89afb6c476b1,59,kvallacknm@tiny.cc,Masculino,California,27.8
7303d96f-2164-48d4-8372-fdcd6264e416,46,eblamphinnn@technorati.com,Femenino,Kentucky,23.6
f8416c1b-f598-4080-88a0-dee38d0a9bb5,39,dperrycostno@shutterfly.com,Femenino,Florida,22.5
b43318f0-4b4d-440b-bc75-ba4f7848a9a1,23,dbayfieldnp@tripod.com,Femenino,Florida,25.7
305bb618-ec89-4403-96e5-6ec970c09732,20,mwindibanknq@ameblo.jp,Masculino,Florida,21.9
9343993c-b4c7-4f1e-acb0-0dbc639f4951,30,vwyantnr@ovh.net,Masculino,Texas,24.5
64150b9d-35df-4e86-b381-261edd2e5a50,85,kmunehayns@si.edu,Femenino,Virginia,25.3
5c9ce0ee-b501-40e1-9bc2-620d22d1d302,80,treignardnt@sourceforge.net,Femenino,Texas,20.0
5210ff63-cb86-4720-bc5a-dc0f6cbc04ef,31,sgarnarnu@bizjournals.com,Masculino,Minnesota,19.6
cc5f961b-f9a7-4360-9b45-0e96869f5945,,rhehlnv@tiny.cc,Masculino,Alabama,25.9
1c366ace-7032-46dc-bdc7-26ba046e773a,50,mhoultonnw@printfriendly.com,Femenino,Texas,23.4
,36,irosoninx@youtube.com,Masculino,California,29.7
9a0a6ec9-ba5d-4f42-9db5-7167712cda0b,67,chortny@weather.com,Femenino,Alabama,24.6
fe0714c7-d38d-4cdd-8476-75c6389a2240,33,babelenz@umn.edu,Femenino,Kentucky,20.4
41230fce-54e7-4979-9113-7dae59e9705e,,gjozwickio0@icq.com,Femenino,Delaware,20.9
5329cca4-8780-44d3-b4d1-7554cbeb706a,74,pfronseko1@techcrunch.com,Femenino,Louisiana,31.8
31b8bde9-7ca2-4daf-b711-03218ea22ed4,57,glodovichio2@engadget.com,Femenino,California,20.5
62ee9913-281a-46f8-b0dc-c930e88ed322,38,sdesimoneo3@bbb.org,Femenino,District of Columbia,27.3
9cab7637-a0d3-4d80-a484-97904c458ab5,27,bmeganyo4@wired.com,Femenino,Virginia,29.0
9a858c1e-bf68-4dd2-b40e-be6cab524f18,71,khillocko5@networksolutions.com,Femenino,Alabama,24.5
93a6e4a0-3250-49ad-918c-d618746f1259,30,mwitherdeno6@ycombinator.com,Femenino,Georgia,
8fef2984-4530-4b56-9d4c-1ee9f169c33e,55,rklazengao7@telegraph.co.uk,Femenino,Colorado,18.8
336ce46a-17c8-4d35-af8b-c2cbaff5a380,36,cdebenedittio8@mapy.cz,Femenino,Texas,20.5
9ef2dae7-7814-4225-aa64-553121c1bd02,20,dactono9@ovh.net,Masculino,Kansas,29.2
9c48f129-70fc-49b0-9c66-47fa834fbd3f,,ssichaoa@slate.com,Femenino,New Hampshire,20.4
5d571007-e8d1-414e-8d39-9b52075cc700,42,kdissob@independent.co.uk,Femenino,California,25.2
4a3c826d-d530-4767-b282-610674833494,49,bscorahoc@cbc.ca,Masculino,North Carolina,24.7
db8de3e3-5858-4fb6-afe5-fe5dddd5cfa0,51,acharlickod@mail.ru,Femenino,,21.2
709a853b-2e42-4e45-8454-a7a108e2ccaa,27,vwallworkeoe@oaic.gov.au,Masculino,Pennsylvania,26.0
64c85419-6f4f-4c56-bb95-d72645ed5291,52,rbossonof@taobao.com,Femenino,Tennessee,20.7
8fc2685f-fe59-41a9-bf9e-8cc86791b33b,60,zladymanog@upenn.edu,Masculino,Illinois,27.0
96f3cf81-3f95-4afe-9f8e-045cb2d97a5b,42,csigsworthoh@edublogs.org,Femenino,Tennessee,27.6
70920b50-53b1-4058-93b6-743282f8c34e,30,thatfieldoi@ebay.com,Femenino,Utah,21.1
17abbb19-780e-4728-9f48-42cbd4f4be70,47,dkilfoyleoj@123-reg.co.uk,Femenino,Texas,20.9
c08ddaf7-a061-48ec-b9fc-3127c29db3d7,33,vyatmanok@ehow.com,Masculino,Tennessee,23.5
540b6510-4670-48f7-bcf8-72223b76bf0e,29,klamplughol@ibm.com,Femenino,California,20.3
be9c8cb5-6648-429e-afaa-484b201b8501,20,jfrancilloom@google.nl,Masculino,California,30.2
6f1e38d3-3f00-46c6-b1d3-b1ef8d692ef8,73,kgreenmonon@slate.com,Femenino,Maryland,27.2
8ea2244d-cb36-487c-b5f1-45ff5f8e6470,41,cmcareeoo@uiuc.edu,Masculino,Washington,28.8
cb3b9d34-0343-4512-8662-853faa7573b5,67,cparkerop@google.pl,Masculino,New York,31.3
7e126ab2-b33f-4637-9b1c-3510b7e1ff27,52,rbefroyoq@plala.or.jp,Femenino,Minnesota,
e15ee833-e791-49e2-86a1-5e7146430e8d,,mvanaccior@miibeian.gov.cn,Femenino,California,28.6
77287caa-c8c7-4809-bdce-e32daca75507,82,mtappos@simplemachines.org,Masculino,West Virginia,24.1
9ad1d52d-4f87-4644-a84a-e6824d6b000c,72,zkuschelot@deliciousdays.com,Masculino,Utah,31.1
f97f07e8-99da-4359-9d2a-233f80cf941c,57,ccristofvaoou@psu.edu,Masculino,Virginia,22.4
31b108a8-0a28-40a9-9388-23a31a582c3f,83,jjoronov@cbslocal.com,Masculino,Maryland,18.4
4f0897c9-c1a6-4d0b-9193-91a22ec0ca53,40,sbiceow@deviantart.com,Masculino,Georgia,22.9
6731bbe1-a6c5-4065-8ac4-4c333726056d,39,cclaesensox@chron.com,Femenino,Connecticut,23.2
c40ec735-0d79-4f10-b0c2-b90ec2296f7e,52,bemanueloy@icq.com,Femenino,Texas,27.8
76340535-53ac-41c1-9e87-918f95a435de,52,mburfittoz@sciencedaily.com,Masculino,Washington,23.8
cdf35432-23fe-4242-ab81-03e149cffef6,42,kpawelskip0@ucoz.ru,Masculino,Ohio,25.6
db36bef3-823f-4ab5-9abd-3ca44f59dc93,,ogockelerp1@nsw.gov.au,Femenino,Alabama,31.8
ee9f56ad-f112-4bf4-b248-6d9b2e9da256,84,ipischoffp2@odnoklassniki.ru,Femenino,Oregon,20.6
1a91da94-ae1b-4383-a233-b28f163f0b8f,24,scorbittp3@shop-pro.jp,Femenino,District of Columbia,24.8
08488845-3a7d-43a0-b7c3-62d2f52d3902,42,cheeneyp4@etsy.com,Femenino,Florida,26.3
c5ac26e2-262d-4652-bce8-4c58e83317ed,30,gspurrittp5@chron.com,Masculino,North Carolina,31.6
92c9068a-8549-4c99-9be7-20a4c17b569c,59,wandrysp6@gravatar.com,Masculino,Alabama,21.0
81533bf9-26b1-4116-9cb5-36032ade0276,87,dhoweyp7@patch.com,Femenino,Texas,31.3
0dbf2c4e-a9b1-4c05-b1d7-fa1d5941c8a2,81,ilimeburnp8@godaddy.com,Femenino,Alabama,18.5
f719aac6-4c09-4219-baf1-e053f4082e93,68,sbarkep9@tiny.cc,Femenino,Missouri,20.6
b64ca53f-97ea-4e08-99cf-abc68a66ea64,19,corablepa@usa.gov,Femenino,Illinois,29.1
dca4ea9a-c3be-4887-a2e3-97fa865436fd,37,mtoulchpb@wikia.com,Masculino,Minnesota,19.4
fe297aaf-8d4b-415e-8053-a154cf5ccafc,,nbulstrodepc@goo.gl,Femenino,Ohio,26.2
9617c65c-b796-443f-9a34-799ff35dc0a1,57,saddeypd@japanpost.jp,Masculino,Ohio,24.7
,56,hballeinepe@spiegel.de,Masculino,Texas,26.9
34cb101d-198f-4e65-a69b-647b677816f0,,manderbruggepf@thetimes.co.uk,Femenino,Pennsylvania,25.2
333d5219-f4e2-4e02-808c-50561c3795a5,37,ssollompg@yahoo.com,Masculino,,29.0
18720b7f-6233-4e71-a1d2-42584e85c910,41,aturpeyph@canalblog.com,Femenino,West Virginia,23.0
59798bf1-632c-41ec-a16c-26a1e48d6e9b,30,spachtpi@archive.org,Masculino,California,23.1
dc654dff-1bfd-498e-b624-05f75a90ffc1,72,rmcghiepj@vistaprint.com,Masculino,Georgia,23.2
12187563-2906-41af-b6dd-634518077d2d,42,bleipeltpk@fotki.com,Masculino,Texas,30.4
53245588-7fcd-47c7-b5c6-263c642d492d,55,mwhiskerpl@soundcloud.com,Femenino,California,28.4
81bbf5de-96f6-490e-aa8d-aa024ea84e42,70,adenisyevpm@blogs.com,Masculino,California,21.8
a5ceb9cb-fc0e-42b6-b5de-ad0cc2178946,42,cduddellpn@github.com,Femenino,California,19.9
c597bd18-7a10-4d50-9e5d-1f176e1e7e2d,26,kjozefiakpo@blogspot.com,Masculino,New York,24.4
9f938e87-d2b9-4a74-a8dd-f50c9a1f09bf,27,oivakhinpp@twitpic.com,Masculino,Massachusetts,22.1
3047c72a-be9e-46fd-9be7-6cb2f66a2c8e,46,agreenroddpq@multiply.com,Femenino,Wisconsin,18.6
9ea7bc37-69f6-4048-a478-fd2a22177cbc,50,cmitchardpr@slashdot.org,Femenino,Alabama,29.6
0261f871-3701-4910-843d-1fc6569825cf,34,mschankelborgps@independent.co.uk,Femenino,California,21.9
30bf4230-1287-4717-9c12-590ff69c6ed7,26,bfaucherandpt@last.fm,Femenino,California,19.4
46549121-adb2-4035-b403-4b3903a3f4dc,54,trussenpu@vinaora.com,Masculino,Nevada,25.0
53fe8b8a-c5ea-4195-afe5-9178160daf38,39,jgoblepv@oracle.com,Masculino,South Carolina,18.9
0f8f3d9a-4650-40d2-9108-85645d786d23,51,aphilipsonpw@histats.com,Masculino,Iowa,24.3
22f476d3-f47b-429b-a13c-fc6bb87746d1,23,inunanpx@microsoft.com,Masculino,Pennsylvania,24.4
,40,dadaminipy@eventbrite.com,Femenino,South Carolina,23.0
f92bef3c-80ce-4dbe-9c9d-999d9eccb1dd,41,pgeeritspz@archive.org,Femenino,Colorado,26.1
8f6bd78d-10ab-497d-9521-070ec47699a0,58,scaffinq0@about.me,Masculino,,27.8
9dcfbd1e-2e92-4843-aa93-af938a501fb0,82,pestoileq1@narod.ru,Masculino,Texas,27.7
ad662823-6640-4a95-8807-63a25acd133c,82,lcuniffeq2@upenn.edu,Masculino,Virginia,20.7
0e20d9e6-a6d3-46e4-afb7-0468ccc69860,57,sfreanq3@delicious.com,Femenino,Texas,25.2
853a92ff-bf11-4a66-ba7f-60fc93a3675c,34,cobrienq4@meetup.com,Masculino,,19.8
5f94b22e-2b7b-41a9-a360-1922866912c8,60,jkennaghq5@wordpress.org,Masculino,Oklahoma,30.8
47e22b87-18ad-4d39-bb6e-7fa7eae2c5cc,76,mmurtyq6@artisteer.com,Femenino,Connecticut,23.0
c4bce768-ad37-4ca4-90b8-2fa08969d293,25,mdewerq7@tuttocitta.it,Masculino,Colorado,24.7
82e9e50d-ada1-4746-a290-32b12bf3cb14,29,lhansleyq8@princeton.edu,Masculino,Virginia,19.7
7bfbedb1-c3a0-43ba-90bd-59ee4a2ded17,35,twaggeq9@opera.com,Femenino,Nevada,30.1
2d00d675-0d34-4208-bfe7-295b6c33f3ca,80,mvigrassqa@redcross.org,Femenino,Oklahoma,20.1
526d0684-b9c1-4392-bb45-5f29c1cb3835,28,vlegionqb@imdb.com,Femenino,California,18.6
2b14fba9-2a07-4773-8086-5119a96ed8e2,26,gwinsiowieckiqc@statcounter.com,Femenino,Arizona,26.4
f14f0b91-07bd-4e9e-8698-e8c8866ef877,25,dakettqd@1und1.de,Femenino,Utah,29.5
7004cdb8-2644-4e96-9685-7326a71dee6e,44,mbarsbyqe@histats.com,Masculino,Washington,18.8
46d7f704-572f-4a01-9aec-636541986e14,,tshelbourneqf@indiegogo.com,Femenino,Ohio,22.2
4964f264-2334-46de-9bf9-b515e14e3d2a,28,rfassetqg@privacy.gov.au,Masculino,District of Columbia,22.2
34d62a6b-493d-47b0-8fc2-662821f84277,50,bandrysqh@quantcast.com,Masculino,Indiana,28.6
92338d42-165a-4cc7-8cd2-2cc5d6d85d23,43,cjaunceyqi@ebay.com,Masculino,District of Columbia,24.0
a7bba9de-37df-43b4-a977-6573a3272ce6,46,sfennyqj@examiner.com,Femenino,,28.7
84e996b1-187a-4bd4-8fd0-6be14bba8132,68,ldorberqk@so-net.ne.jp,Masculino,Texas,24.1
f30212ca-ed5b-4004-9555-22e6be6c9ae9,37,aklinkql@amazonaws.com,Masculino,North Dakota,24.0
33f37324-5af8-4d83-881c-12b036978d23,54,msangerqm@mit.edu,Masculino,Texas,24.1
8b859f97-821e-4632-a120-f589fff82264,18,stimlettqn@zdnet.com,Femenino,Colorado,22.7
7f703047-5900-420b-b00d-de77de83833f,75,ylachaizeqo@parallels.com,Femenino,New York,18.9
383a889c-0782-405f-98bd-e14318518dbe,58,cgarriockqp@aboutads.info,Femenino,Missouri,26.6
a572af69-150f-4f4e-b8a5-ae838e6b8159,62,rboulderqq@fda.gov,Femenino,,31.2
addbf6eb-024a-4f12-8fb5-c0285fb691f3,21,mbradburyqr@google.co.jp,Masculino,Illinois,18.5
c2df2f2a-0bb4-4603-8c67-f595fd135f96,77,sonolanqs@dmoz.org,Femenino,Florida,28.6
6e8d2893-1d62-4769-becf-774f79c51669,,etroyesqt@i2i.jp,Femenino,Louisiana,29.0
4754ef1d-cd18-4e34-9f86-1283e738b403,45,tdupoyqu@sohu.com,Femenino,District of Columbia,19.6
db284cda-8822-460a-a687-a3a9a66ce351,75,mdentyqv@1688.com,Femenino,Hawaii,28.0
,60,bkeemarqw@engadget.com,Masculino,Tennessee,26.4
,31,drichmontqx@wired.com,Masculino,Georgia,27.3
bd7d80ea-3298-45bc-9605-d2bf4456e10b,76,bgowardqy@4shared.com,Femenino,Missouri,22.9
8b9f8ede-7cbf-48e6-9959-ef200e9053df,,aandrezqz@godaddy.com,Femenino,Missouri,29.5
3067eb55-af3c-4bb1-adc0-6d113ce5993a,22,lminchintonr0@about.me,Masculino,,25.4
c4c1602e-7772-410a-b5ab-ba86dd1c5d4c,66,cmealandr1@noaa.gov,Masculino,Alabama,23.6
9d06a414-0138-445f-8133-5c05babe8a2a,22,gswaitr2@pinterest.com,Masculino,Illinois,26.9
c271e799-da24-4894-b090-dae2ab2b086a,51,bmacduffr3@constantcontact.com,Masculino,District of Columbia,27.3
ce84b727-fb1c-4a22-b7fa-2291607477bd,61,lbroggettir4@usda.gov,Masculino,Alabama,18.5
e8480ae9-fb41-4052-9138-72015d63156c,19,bgalfourr5@chronoengine.com,Masculino,California,26.9
582efee3-d859-4b60-88f0-bdbfc5f50594,87,svanwaadenburgr6@discuz.net,Masculino,,30.4
5183172a-f84e-49d5-9726-d9f2470711c5,71,okerleyr7@howstuffworks.com,Masculino,Wisconsin,23.4
6d0c92ce-f2a0-4323-8e11-0714dee062c4,63,lwolveyr8@umn.edu,Masculino,Texas,24.3
5f62c9f0-d830-419f-b77f-d9b235d8c1ad,64,stwycrossr9@answers.com,Femenino,,19.3
c47f2bc9-d42f-43ed-8d19-d152224cdc95,63,mbutteryra@eventbrite.com,Femenino,New York,23.5
7bef548a-9f2a-4c5c-bff1-0e0012764663,43,bcurraghrb@unc.edu,Masculino,New Jersey,19.1
7492625a-930b-4eb2-b12c-233c476477a2,,dgidleyrc@acquirethisname.com,Masculino,New York,24.9
d40bd8cc-dab9-4a24-80a1-a87a8405bad5,42,lshelbornerd@1und1.de,Masculino,Maryland,22.1
,33,awortleyre@mit.edu,Masculino,New York,30.6
0395a257-86af-4e04-9168-eb281e1ec920,43,sdabellrf@desdev.cn,Masculino,Louisiana,29.9
ec92daca-4afb-44e1-9354-4a04b5a7eca4,75,ewrotchfordrg@dagondesign.com,Femenino,Texas,28.9
f7c2ca17-2c69-4a29-a6a8-b6c0c1679ab5,55,korchartrh@ucoz.ru,Masculino,Texas,19.3
f139c45f-ece9-4aa5-9b77-f3dccbcee41c,25,dsteinsonri@microsoft.com,Masculino,Ohio,27.8
ca17e621-8491-46d0-960f-8cf6b58b2974,72,tbrightlingrj@163.com,Femenino,North Carolina,30.1
2bbd557f-2e26-44e9-8e8f-369c813d742d,67,tchartresrk@virginia.edu,Femenino,District of Columbia,31.4
05703c3a-5491-4cfd-bc80-b505c00352fd,41,pgounyrl@spotify.com,Femenino,Washington,22.0
9f986af0-10de-4256-afd3-543ece7a8cd1,42,hmulgrewrm@mozilla.org,Masculino,Colorado,19.8
2c54f71c-23f8-46e6-abdf-05fc78e717a3,49,ldelavaletteparisotrn@booking.com,Femenino,California,25.7
02568917-9a13-4f6b-ba09-5d664e8069f6,34,tmoorhousero@live.com,Masculino,Louisiana,25.4
7ddaf233-2a46-429a-b4be-f8ff5917d299,47,sarstingallrp@ibm.com,Masculino,District of Columbia,26.4
889d5238-aa0c-4717-b841-962d09eeca9c,76,mmcgroartyrq@fastcompany.com,Femenino,Florida,18.3
bacda779-4383-435c-a9d9-c8c8c5b28bd7,57,sbussrr@fastcompany.com,Masculino,New York,24.5

Informacin tomada de: Servicio Nacional de Salud, 2023